【v1线上目标拆解】8月=峰值40w实际；9-12月=v1线上月量×峰值40w结构占比,,,,,,,,
逻辑：9-12 举措/类型目标 = v1线上月量 × (峰值40w该项目标 ÷ 峰值40w四举措合计)；8月直接取实际,,,,,,,,
线上月量(万单),8月实际 / 9-12 v1,万单,,23.25,44.8,56.6,66.8,84.3
,,,单位,8月实际,9月,10月,11月,12月
,,,,,,,,
一、按举措拆解,占比来源：峰值40w 线上举措（8月Z实际；9-12目标）,,,,,,,
举措,口径,单位,指标,8月实际,9月,10月,11月,12月
裂变,占四举措,%,结构占比,1.0,11.9,14.3,16.4,18.7
电销,占四举措,%,结构占比,23.9,16.6,17.0,17.7,18.4
投流,占四举措,%,结构占比,34.5,45.7,43.2,41.3,39.8
调度,占四举措,%,结构占比,40.6,25.8,25.5,24.5,23.1
裂变,月运单,万单,实际/v1目标,0.22,5.34,8.08,10.99,15.74
电销,月运单,万单,实际/v1目标,5.49,7.42,9.64,11.83,15.52
投流,月运单,万单,实际/v1目标,7.95,20.47,24.44,27.61,33.54
调度,月运单,万单,实际/v1目标,9.35,11.57,14.44,16.37,19.5
合计,月运单,万单,校验,23.02,44.8,56.6,66.8,84.3
,,,,,,,,
二、按运单类型拆解,占比来源：峰值40w 线上-TMS/撮合/网货,,,,,,,
类型,口径,单位,指标,8月实际,9月,10月,11月,12月
TMS,占线上,%,结构占比,54.5,49.0,51.0,50.0,50.0
撮合,占线上,%,结构占比,26.0,32.0,34.0,33.0,34.0
网货,占线上,%,结构占比,19.5,19.0,15.0,17.0,16.0
TMS,月运单,万单,实际/v1目标,12.68,21.95,28.86,33.4,42.15
撮合,月运单,万单,实际/v1目标,6.04,14.34,19.25,22.05,28.67
网货,月运单,万单,实际/v1目标,4.53,8.51,8.49,11.35,13.49
合计,月运单,万单,校验,23.25,44.8,56.6,66.8,84.3
,,,,,,,,
三、举措×运单类型,8月=实际；9-12=交叉占比×v1线上月量,,,,,,,
举措,类型,单位,,8月实际,9月,10月,11月,12月
裂变,TMS,万单,实际/v1目标,0.02,2.62,4.12,5.49,7.87
裂变,撮合,万单,实际/v1目标,0.2,1.71,2.74,3.62,5.35
裂变,网货,万单,实际/v1目标,0.0,1.02,1.21,1.87,2.52
裂变,小计,万单,,0.22,5.35,8.07,10.98,15.74
电销,TMS,万单,实际/v1目标,2.84,3.64,4.92,5.92,7.76
电销,撮合,万单,实际/v1目标,1.63,2.38,3.28,3.9,5.28
电销,网货,万单,实际/v1目标,1.02,1.41,1.45,2.01,2.49
电销,小计,万单,,5.49,7.43,9.65,11.83,15.53
投流,TMS,万单,实际/v1目标,2.29,10.02,12.47,13.81,16.77
投流,撮合,万单,实际/v1目标,3.33,6.55,8.31,9.11,11.4
投流,网货,万单,实际/v1目标,2.33,3.89,3.66,4.7,5.36
投流,小计,万单,,7.95,20.46,24.44,27.62,33.53
调度,TMS,万单,实际/v1目标,7.52,5.67,7.37,8.18,9.74
调度,撮合,万单,实际/v1目标,0.85,3.71,4.91,5.4,6.63
调度,网货,万单,实际/v1目标,0.98,2.19,2.16,2.78,3.12
调度,小计,万单,,9.35,11.57,14.44,16.36,19.49
全部,合计,万单,校验,23.01,44.81,56.6,66.79,84.29
