【v1线上目标拆解】按峰值40w整合表9-12月结构占比,,,,,,,
逻辑：v1举措/类型目标 = v1线上月量 × (峰值40w该项目标 ÷ 峰值40w四举措合计)；交叉同理,,,,,,,
v1线上月量(万单),,,,44.8,56.6,66.8,84.3
,,,单位,9月,10月,11月,12月
,,,,,,,
一、按举措拆解,占比来源：峰值40w 线上举措 L-O列,,,,,,
举措,口径,单位,指标,9月,10月,11月,12月
裂变,占线上,%,结构占比,11.9,14.3,16.4,18.7
电销,占线上,%,结构占比,16.6,17.0,17.7,18.4
投流,占线上,%,结构占比,45.7,43.2,41.3,39.8
调度,占线上,%,结构占比,25.8,25.5,24.5,23.1
裂变,月运单,万单,v1目标,5.34,8.08,10.99,15.74
电销,月运单,万单,v1目标,7.42,9.64,11.83,15.52
投流,月运单,万单,v1目标,20.47,24.44,27.61,33.54
调度,月运单,万单,v1目标,11.57,14.44,16.37,19.5
合计,月运单,万单,校验,44.8,56.6,66.8,84.3
,,,,,,,
二、按运单类型拆解,占比来源：峰值40w 线上-TMS/撮合/网货,,,,,,
类型,口径,单位,指标,9月,10月,11月,12月
TMS,占线上,%,结构占比,49.0,51.0,50.0,50.0
撮合,占线上,%,结构占比,32.0,34.0,33.0,34.0
网货,占线上,%,结构占比,19.0,15.0,17.0,16.0
TMS,月运单,万单,v1目标,21.95,28.86,33.4,42.15
撮合,月运单,万单,v1目标,14.34,19.25,22.05,28.67
网货,月运单,万单,v1目标,8.51,8.49,11.35,13.49
合计,月运单,万单,校验,44.8,56.6,66.8,84.31
,,,,,,,
三、举措×运单类型,占比=峰值40w交叉项/当月四举措合计，再×v1线上月量,,,,,,
举措,类型,单位,,9月,10月,11月,12月
裂变,TMS,万单,v1目标,2.62,4.12,5.49,7.87
裂变,撮合,万单,v1目标,1.71,2.74,3.62,5.35
裂变,网货,万单,v1目标,1.02,1.21,1.87,2.52
裂变,小计,万单,,5.35,8.07,10.98,15.74
电销,TMS,万单,v1目标,3.64,4.92,5.92,7.76
电销,撮合,万单,v1目标,2.38,3.28,3.9,5.28
电销,网货,万单,v1目标,1.41,1.45,2.01,2.49
电销,小计,万单,,7.43,9.65,11.83,15.53
投流,TMS,万单,v1目标,10.02,12.47,13.81,16.77
投流,撮合,万单,v1目标,6.55,8.31,9.11,11.4
投流,网货,万单,v1目标,3.89,3.66,4.7,5.36
投流,小计,万单,,20.46,24.44,27.62,33.53
调度,TMS,万单,v1目标,5.67,7.37,8.18,9.74
调度,撮合,万单,v1目标,3.71,4.91,5.4,6.63
调度,网货,万单,v1目标,2.19,2.16,2.78,3.12
调度,小计,万单,,11.57,14.44,16.36,19.49
全部,合计,万单,校验,44.81,56.6,66.79,84.29
,,,,,,,
峰值40w原目标合计(分母),万单,,,47.15,57.78,69.67,97.32
说明,自闭环占比等未参与本拆解；无线下销售归属未单列（峰值40w四举措口径）,,,,,,