主键,月周标识,周期起始日,举措,类型,指标类型,指标值
调度-TMS-创建运单货主数,月度,2026-07-01,调度,TMS,创建运单货主数,95.0
调度-TMS-成交货主数,月度,2026-07-01,调度,TMS,成交货主数,77.0
调度-TMS-成交运单量,月度,2026-07-01,调度,TMS,成交运单量,44331.0
调度-撮合-三方调度注册用户量,月度,2026-07-01,调度,撮合,三方调度注册用户量,160.0
调度-撮合-三方调度认证注册量,月度,2026-07-01,调度,撮合,三方调度认证注册量,160.0
调度-撮合-产生调度的用户量,月度,2026-07-01,调度,撮合,产生调度的用户量,5.0
调度-撮合-成交货主数,月度,2026-07-01,调度,撮合,成交货主数,46.0
调度-撮合-成交运单量,月度,2026-07-01,调度,撮合,成交运单量,10205.0
调度-网货-发货货主数,月度,2026-07-01,调度,网货,发货货主数,192.0
调度-网货-成交货主数,月度,2026-07-01,调度,网货,成交货主数,86.0
调度-网货-成交运单量,月度,2026-07-01,调度,网货,成交运单量,14127.5
调度-网货-注册企业数,月度,2026-07-01,调度,网货,注册企业数,38.0
调度-网货-认证企业数,月度,2026-07-01,调度,网货,认证企业数,39.0
调度-TMS-创建运单货主数,月度,2026-08-01,调度,TMS,创建运单货主数,96.0
调度-TMS-成交货主数,月度,2026-08-01,调度,TMS,成交货主数,82.0
调度-TMS-成交运单量,月度,2026-08-01,调度,TMS,成交运单量,46644.0
调度-撮合-三方调度注册用户量,月度,2026-08-01,调度,撮合,三方调度注册用户量,167.0
调度-撮合-三方调度认证注册量,月度,2026-08-01,调度,撮合,三方调度认证注册量,167.0
调度-撮合-产生调度的用户量,月度,2026-08-01,调度,撮合,产生调度的用户量,1.0
调度-撮合-成交货主数,月度,2026-08-01,调度,撮合,成交货主数,41.0
调度-撮合-成交运单量,月度,2026-08-01,调度,撮合,成交运单量,7695.5
调度-网货-发货货主数,月度,2026-08-01,调度,网货,发货货主数,177.0
调度-网货-成交货主数,月度,2026-08-01,调度,网货,成交货主数,67.0
调度-网货-成交运单量,月度,2026-08-01,调度,网货,成交运单量,9720.5
调度-网货-注册企业数,月度,2026-08-01,调度,网货,注册企业数,17.0
调度-网货-认证企业数,月度,2026-08-01,调度,网货,认证企业数,18.0
