主键,周期起始日,举措,新老货主,指标类型,指标值,上月指标值
货主招募-新货主-注册企业数,2026-08-01,货主招募,新货主,注册企业数,87.0,12.0
货主招募-新货主-认证企业数,2026-08-01,货主招募,新货主,认证企业数,88.0,12.0
货主招募-新货主-发货货主数,2026-08-01,货主招募,新货主,发货货主数,68.0,3.0
货主招募-新货主-成交货主数,2026-08-01,货主招募,新货主,成交货主数,60.0,3.0
货主招募-新货主-成交运单量,2026-08-01,货主招募,新货主,成交运单量,336.5,451.66666
货主招募-老货主-发货货主数,2026-08-01,货主招募,老货主,发货货主数,7.0,7.0
货主招募-老货主-成交货主数,2026-08-01,货主招募,老货主,成交货主数,4.0,5.0
货主招募-老货主-成交运单量,2026-08-01,货主招募,老货主,成交运单量,1621.5,2177.0
投流-整体-注册企业数,2026-08-01,投流,整体,注册企业数,148.0,148.0
投流-整体-注册账号,2026-08-01,投流,整体,注册账号,12468.0,14036.0
投流-整体-认证企业数,2026-08-01,投流,整体,认证企业数,149.0,151.0
投流-新货主-发货货主数,2026-08-01,投流,新货主,发货货主数,141.0,135.0
投流-新货主-成交货主数,2026-08-01,投流,新货主,成交货主数,66.0,72.0
投流-新货主-成交运单量,2026-08-01,投流,新货主,成交运单量,9717.0,13676.66666
投流-老货主-发货货主数,2026-08-01,投流,老货主,发货货主数,394.0,442.0
投流-老货主-成交货主数,2026-08-01,投流,老货主,成交货主数,386.0,444.0
投流-老货主-成交运单量,2026-08-01,投流,老货主,成交运单量,65283.5,74124.0
电销-新货主-注册企业数,2026-08-01,电销,新货主,注册企业数,421.0,430.0
电销-新货主-认证企业数,2026-08-01,电销,新货主,认证企业数,386.0,393.0
电销-新货主-发货货主数,2026-08-01,电销,新货主,发货货主数,184.0,138.0
电销-新货主-成交货主数,2026-08-01,电销,新货主,成交货主数,84.0,60.0
电销-新货主-成交运单量,2026-08-01,电销,新货主,成交运单量,9332.5,7685.66666
电销-老货主-发货货主数,2026-08-01,电销,老货主,发货货主数,174.0,141.0
电销-老货主-成交货主数,2026-08-01,电销,老货主,成交货主数,176.0,142.0
电销-老货主-成交运单量,2026-08-01,电销,老货主,成交运单量,38299.0,34109.5
调度-新货主-注册企业数,2026-08-01,调度,新货主,注册企业数,17.0,37.0
调度-新货主-认证企业数,2026-08-01,调度,新货主,认证企业数,17.0,37.0
调度-新货主-发货货主数,2026-08-01,调度,新货主,发货货主数,18.0,45.0
调度-新货主-成交货主数,2026-08-01,调度,新货主,成交货主数,14.0,36.0
调度-新货主-成交运单量,2026-08-01,调度,新货主,成交运单量,3013.0,15425.0
调度-老货主-认证企业数,2026-08-01,调度,老货主,认证企业数,1.0,1.0
调度-老货主-发货货主数,2026-08-01,调度,老货主,发货货主数,159.0,147.0
调度-老货主-成交货主数,2026-08-01,调度,老货主,成交货主数,151.0,147.0
调度-老货主-成交运单量,2026-08-01,调度,老货主,成交运单量,61047.0,53238.5
线下-新货主-注册企业数,2026-08-01,线下,新货主,注册企业数,717.0,1144.0
线下-新货主-认证企业数,2026-08-01,线下,新货主,认证企业数,727.0,1135.0
线下-新货主-发货货主数,2026-08-01,线下,新货主,发货货主数,999.0,1375.0
线下-新货主-成交货主数,2026-08-01,线下,新货主,成交货主数,689.0,1051.0
线下-新货主-成交运单量,2026-08-01,线下,新货主,成交运单量,108808.0,483455.0
线下-老货主-认证企业数,2026-08-01,线下,老货主,认证企业数,11.0,9.0
线下-老货主-发货货主数,2026-08-01,线下,老货主,发货货主数,5540.0,6316.0
线下-老货主-成交货主数,2026-08-01,线下,老货主,成交货主数,5528.0,6380.0
线下-老货主-成交运单量,2026-08-01,线下,老货主,成交运单量,1203175.0,1722543.0
无线下销售归属-新货主-注册企业数,2026-08-01,无线下销售归属,新货主,注册企业数,37.0,36.0
无线下销售归属-新货主-认证企业数,2026-08-01,无线下销售归属,新货主,认证企业数,36.0,37.0
无线下销售归属-新货主-发货货主数,2026-08-01,无线下销售归属,新货主,发货货主数,55.0,36.0
无线下销售归属-新货主-成交货主数,2026-08-01,无线下销售归属,新货主,成交货主数,23.0,14.0
无线下销售归属-新货主-成交运单量,2026-08-01,无线下销售归属,新货主,成交运单量,244.0,258.0
无线下销售归属-老货主-发货货主数,2026-08-01,无线下销售归属,老货主,发货货主数,24.0,17.0
无线下销售归属-老货主-成交货主数,2026-08-01,无线下销售归属,老货主,成交货主数,22.0,14.0
无线下销售归属-老货主-成交运单量,2026-08-01,无线下销售归属,老货主,成交运单量,204.0,960.0
线下-老货主-注册企业数,2026-08-01,线下,老货主,注册企业数,,2.0
