月份_剔异履约,截止日序,统计层级,维度,层级维度,运单量_剔异履约,上月同期运单量_剔异履约,较上月同期_剔异履约,月,月份_成交,运单量_成交,上月同期运单量_成交,较上月同期_成交,_merge,差,保留%
2026-06-01,30,整体,TMS,整体-TMS,7.0003,2.5531,1.7419,2026-06,2026-06-01,12.8097,3.9307,2.2589,both,5.809399999999999,54.648430486272126
2026-06-01,30,整体,网货,整体-网货,130.2365,95.4391,0.3646,2026-06,2026-06-01,129.8634,98.9376,0.3126,both,-0.37309999999999377,100.28730188798383
2026-06-01,30,整体,撮合,整体-撮合,17.7536,5.54,2.2046,2026-06,2026-06-01,34.0747,14.7542,1.3095,both,16.3211,52.10199943066263
2026-08-01,30,整体,网货,整体-网货,40.592,64.7519,-0.3731,2026-08,2026-08-01,40.383,64.3923,-0.3729,both,-0.20899999999999608,100.51754451130425
2026-08-01,30,整体,撮合,整体-撮合,37.4724,49.266,-0.2394,2026-08,2026-08-01,43.4163,94.1235,-0.5387,both,5.943899999999999,86.30951969651952
2026-08-01,30,整体,TMS,整体-TMS,40.6827,37.1588,0.0948,2026-08,2026-08-01,71.477,108.1161,-0.3389,both,30.794300000000007,56.91719014508163
2026-01-01,31,整体,网货,整体-网货,3.7336,0.1547,23.1345,2026-01,2026-01-01,3.9803,0.1803,21.076,both,0.24670000000000014,93.8019747255232
2026-01-01,31,整体,撮合,整体-撮合,0.0907,0.0059,14.3729,2026-01,2026-01-01,0.1351,0.0091,13.8462,both,0.044399999999999995,67.13545521835678
2026-04-01,30,整体,撮合,整体-撮合,1.9616,0.781,1.5117,2026-04,2026-04-01,4.8917,1.2952,2.7768,both,2.9301000000000004,40.100578530981046
2026-04-01,30,整体,TMS,整体-TMS,0.0032,0.0,,2026-04,2026-04-01,0.0065,0.0,,both,0.0032999999999999995,49.23076923076923
2026-04-01,30,整体,网货,整体-网货,44.9316,18.1842,1.4709,2026-04,2026-04-01,45.9906,18.9248,1.4302,both,1.0589999999999975,97.69735554656822
2026-06-01,30,举措,调度-网货,举措-调度-网货,2.4464,1.8197,0.3444,2026-06,2026-06-01,2.4702,1.8736,0.3184,both,0.023800000000000043,99.0365152619221
2026-06-01,30,举措,调度-撮合,举措-调度-撮合,0.1193,0.0142,7.4311,2026-06,2026-06-01,0.3973,0.1766,1.2494,both,0.27799999999999997,30.027686886483767
2026-06-01,30,举措,调度-TMS,举措-调度-TMS,0.4231,0.1272,2.3259,2026-06,2026-06-01,1.1064,0.4761,1.3238,both,0.6833,38.241142443962396
2026-08-01,30,举措,调度-网货,举措-调度-网货,0.9499,1.3623,-0.3027,2026-08,2026-08-01,0.9365,1.3716,-0.3172,both,-0.013399999999999967,101.4308595835558
2026-08-01,30,举措,调度-撮合,举措-调度-撮合,0.5596,0.5462,0.0244,2026-08,2026-08-01,0.9039,1.9921,-0.5463,both,0.34430000000000005,61.90950326363536
2026-08-01,30,举措,调度-TMS,举措-调度-TMS,3.8357,2.4777,0.5481,2026-08,2026-08-01,8.152,7.9058,0.0311,both,4.316299999999999,47.05225711481846
2026-04-01,30,举措,调度-网货,举措-调度-网货,0.4879,0.0764,5.3855,2026-04,2026-04-01,0.4984,0.0802,5.2145,both,0.01050000000000001,97.89325842696628
2026-04-01,30,举措,调度-撮合,举措-调度-撮合,0.0119,0.0011,9.7727,2026-04,2026-04-01,0.2423,0.0031,77.1452,both,0.2304,4.91126702434998
2026-04-01,30,举措,调度-TMS,举措-调度-TMS,0.0021,0.0,,2026-04,2026-04-01,0.004,0.0,,both,0.0019000000000000002,52.49999999999999
2026-06-01,30,举措,电销-TMS,举措-电销-TMS,0.0258,0.0108,1.3889,2026-06,2026-06-01,0.0821,0.0131,5.2672,both,0.0563,31.425091352009744
2026-06-01,30,举措,电销-撮合,举措-电销-撮合,0.1276,0.0487,1.6228,2026-06,2026-06-01,0.254,0.1539,0.6504,both,0.1264,50.23622047244094
2026-06-01,30,举措,电销-网货,举措-电销-网货,2.0716,1.7604,0.1767,2026-06,2026-06-01,2.0271,1.8432,0.0998,both,-0.044500000000000206,102.19525430417839
2026-01-01,31,举措,调度-网货,举措-调度-网货,0.0022,0.0,,2026-01,2026-01-01,0.0024,0.0,,both,0.00019999999999999966,91.66666666666669
2026-01-01,31,举措,调度-撮合,举措-调度-撮合,0.0016,0.0,,2026-01,2026-01-01,0.0017,0.0,,both,9.999999999999983e-05,94.11764705882354
2026-06-01,30,线上举措,电销-撮合,线上举措-电销-撮合,0.1276,0.0487,1.6228,2026-06,2026-06-01,0.254,0.1539,0.6504,both,0.1264,50.23622047244094
2026-06-01,30,线上举措,电销-TMS,线上举措-电销-TMS,0.0258,0.0108,1.3889,2026-06,2026-06-01,0.0821,0.0131,5.2672,both,0.0563,31.425091352009744
2026-06-01,30,线上举措,电销-网货,线上举措-电销-网货,2.0716,1.7604,0.1767,2026-06,2026-06-01,2.0271,1.8432,0.0998,both,-0.044500000000000206,102.19525430417839
2026-04-01,30,线上举措,电销-撮合,线上举措-电销-撮合,0.0006,0.0005,0.2,2026-04,2026-04-01,0.0015,0.0008,0.875,both,0.0009000000000000001,40.0
2026-04-01,30,线上举措,电销-TMS,线上举措-电销-TMS,0.0,0.0,,2026-04,2026-04-01,0.0,0.0,,both,0.0,
2026-04-01,30,线上举措,电销-网货,线上举措-电销-网货,0.4082,0.0724,4.6374,2026-04,2026-04-01,0.4413,0.0789,4.5925,both,0.03310000000000002,92.49943349195559
2026-01-01,31,举措,电销-撮合,举措-电销-撮合,0.0001,0.0,,2026-01,2026-01-01,0.0001,0.0,,both,0.0,100.0
2026-01-01,31,举措,电销-网货,举措-电销-网货,0.0,0.0,,2026-01,2026-01-01,0.0,0.0,,both,0.0,
2026-08-01,30,线上举措,电销-网货,线上举措-电销-网货,0.9951,1.1267,-0.1168,2026-08,2026-08-01,1.0007,1.1395,-0.1219,both,0.005599999999999938,99.44039172579195
2026-08-01,30,线上举措,电销-撮合,线上举措-电销-撮合,1.3766,1.7641,-0.2197,2026-08,2026-08-01,1.7253,3.1612,-0.4542,both,0.3487,79.78902219903784
2026-08-01,30,线上举措,电销-TMS,线上举措-电销-TMS,1.7538,0.5707,2.0731,2026-08,2026-08-01,3.1396,0.967,2.2467,both,1.3858000000000001,55.8606191871576
2026-08-01,30,举措,电销-撮合,举措-电销-撮合,1.3766,1.7641,-0.2197,2026-08,2026-08-01,1.7253,3.1612,-0.4542,both,0.3487,79.78902219903784
2026-08-01,30,举措,电销-TMS,举措-电销-TMS,1.7538,0.5707,2.0731,2026-08,2026-08-01,3.1396,0.967,2.2467,both,1.3858000000000001,55.8606191871576
2026-08-01,30,举措,电销-网货,举措-电销-网货,0.9951,1.1267,-0.1168,2026-08,2026-08-01,1.0007,1.1395,-0.1219,both,0.005599999999999938,99.44039172579195
2026-01-01,31,线上举措,电销-网货,线上举措-电销-网货,0.0,0.0,,2026-01,2026-01-01,0.0,0.0,,both,0.0,
2026-01-01,31,线上举措,电销-撮合,线上举措-电销-撮合,0.0001,0.0,,2026-01,2026-01-01,0.0001,0.0,,both,0.0,100.0
2026-04-01,30,举措,电销-TMS,举措-电销-TMS,0.0,0.0,,2026-04,2026-04-01,0.0,0.0,,both,0.0,
2026-04-01,30,举措,电销-网货,举措-电销-网货,0.4082,0.0724,4.6374,2026-04,2026-04-01,0.4413,0.0789,4.5925,both,0.03310000000000002,92.49943349195559
2026-04-01,30,举措,电销-撮合,举措-电销-撮合,0.0006,0.0005,0.2,2026-04,2026-04-01,0.0015,0.0008,0.875,both,0.0009000000000000001,40.0
2026-06-01,30,线上举措,调度-网货,线上举措-调度-网货,2.4464,1.8197,0.3444,2026-06,2026-06-01,2.4702,1.8736,0.3184,both,0.023800000000000043,99.0365152619221
2026-06-01,30,线上举措,调度-TMS,线上举措-调度-TMS,0.4231,0.1272,2.3259,2026-06,2026-06-01,1.1064,0.4761,1.3238,both,0.6833,38.241142443962396
2026-06-01,30,线上举措,调度-撮合,线上举措-调度-撮合,0.1193,0.0142,7.4311,2026-06,2026-06-01,0.3973,0.1766,1.2494,both,0.27799999999999997,30.027686886483767
2026-06-01,30,举措,线下-网货,举措-线下-网货,129.8503,95.3456,0.3619,2026-06,2026-06-01,129.4675,98.8363,0.3099,both,-0.38280000000000314,100.29567265916157
2026-06-01,30,举措,线下-TMS,举措-线下-TMS,6.9842,2.5435,1.7459,2026-06,2026-06-01,12.7612,3.8912,2.2795,both,5.777,54.729962699432654
2026-06-01,30,举措,线下-撮合,举措-线下-撮合,17.7344,5.533,2.2052,2026-06,2026-06-01,34.0226,14.7451,1.3074,both,16.288199999999996,52.12535197192455
2026-04-01,30,举措,线下-撮合,举措-线下-撮合,1.9572,0.7775,1.5173,2026-04,2026-04-01,4.8729,1.2843,2.7942,both,2.9156999999999993,40.164994151326724
2026-04-01,30,举措,线下-TMS,举措-线下-TMS,0.0031,0.0,,2026-04,2026-04-01,0.006,0.0,,both,0.0029000000000000002,51.66666666666666
2026-04-01,30,举措,线下-网货,举措-线下-网货,44.8926,18.1834,1.4689,2026-04,2026-04-01,45.9508,18.9239,1.4282,both,1.0581999999999994,97.69710211791742
2026-08-01,30,举措,线下-撮合,举措-线下-撮合,37.441,49.2622,-0.24,2026-08,2026-08-01,43.3697,94.1137,-0.5392,both,5.928699999999999,86.32985701999323
2026-08-01,30,举措,线下-TMS,举措-线下-TMS,40.6475,37.1298,0.0947,2026-08,2026-08-01,71.0566,107.717,-0.3403,both,30.409100000000002,57.204397621051385
2026-08-01,30,举措,线下-网货,举措-线下-网货,40.4001,64.3824,-0.3725,2026-08,2026-08-01,40.2,64.0186,-0.3721,both,-0.20009999999999906,100.49776119402985
2026-06-01,30,线上举措,无线下销售归属-网货,线上举措-无线下销售归属-网货,0.3862,0.0935,3.1305,2026-06,2026-06-01,0.3959,0.1013,2.9082,both,0.009699999999999986,97.54988633493306
2026-06-01,30,线上举措,无线下销售归属-撮合,线上举措-无线下销售归属-撮合,0.0014,0.0041,-0.6585,2026-06,2026-06-01,0.0033,0.0048,-0.3125,both,0.0019,42.42424242424242
2026-06-01,30,线上举措,无线下销售归属-TMS,线上举措-无线下销售归属-TMS,0.0001,0.0003,-0.6667,2026-06,2026-06-01,0.0024,0.0276,-0.913,both,0.0023,4.166666666666667
2026-01-01,31,举措,线下-网货,举措-线下-网货,3.7333,0.1547,23.1325,2026-01,2026-01-01,3.98,0.1803,21.0743,both,0.24670000000000014,93.80150753768844
2026-01-01,31,举措,线下-撮合,举措-线下-撮合,0.0866,0.0059,13.678,2026-01,2026-01-01,0.1304,0.0088,13.8182,both,0.04379999999999999,66.41104294478528
2026-01-01,31,线上举措,无线下销售归属-网货,线上举措-无线下销售归属-网货,0.0003,0.0,,2026-01,2026-01-01,0.0003,0.0,,both,0.0,100.0
2026-01-01,31,线上举措,无线下销售归属-撮合,线上举措-无线下销售归属-撮合,0.0041,0.0,,2026-01,2026-01-01,0.0047,0.0003,14.6667,both,0.0005999999999999998,87.2340425531915
2026-08-01,30,线上举措,货主招募-撮合,线上举措-货主招募-撮合,0.1724,0.2308,-0.2531,2026-08,2026-08-01,0.2125,0.2864,-0.2582,both,0.0401,81.12941176470588
2026-08-01,30,线上举措,货主招募-TMS,线上举措-货主招募-TMS,0.002,0.0,,2026-08,2026-08-01,0.0165,0.0,,both,0.0145,12.121212121212121
2026-08-01,30,线上举措,货主招募-网货,线上举措-货主招募-网货,0.0002,0.0004,-0.5,2026-08,2026-08-01,0.0003,0.0004,-0.25,both,9.999999999999996e-05,66.66666666666667
2026-08-01,30,线上举措,调度-网货,线上举措-调度-网货,0.9499,1.3623,-0.3027,2026-08,2026-08-01,0.9365,1.3716,-0.3172,both,-0.013399999999999967,101.4308595835558
2026-08-01,30,线上举措,调度-撮合,线上举措-调度-撮合,0.5596,0.5462,0.0244,2026-08,2026-08-01,0.9039,1.9921,-0.5463,both,0.34430000000000005,61.90950326363536
2026-08-01,30,线上举措,调度-TMS,线上举措-调度-TMS,3.8357,2.4777,0.5481,2026-08,2026-08-01,8.152,7.9058,0.0311,both,4.316299999999999,47.05225711481846
2026-06-01,30,举措,货主招募-TMS,举措-货主招募-TMS,0.0,0.0013,-1.0,2026-06,2026-06-01,0.0,0.0101,-1.0,both,0.0,
2026-06-01,30,举措,货主招募-撮合,举措-货主招募-撮合,0.0125,0.0147,-0.1497,2026-06,2026-06-01,0.0366,0.0241,0.5187,both,0.0241,34.15300546448087
2026-06-01,30,举措,货主招募-网货,举措-货主招募-网货,0.0008,0.0009,-0.1111,2026-06,2026-06-01,0.0006,0.001,-0.4,both,-0.0002000000000000001,133.33333333333334
2026-06-01,30,线上,撮合,线上-撮合,0.7189,0.111,5.4766,2026-06,2026-06-01,1.7937,0.5634,2.1837,both,1.0748000000000002,40.079165969783126
2026-06-01,30,线上,网货,线上-网货,10.3112,6.7271,0.5328,2026-06,2026-06-01,10.2938,7.0711,0.4558,both,-0.017400000000000304,100.16903378732829
2026-06-01,30,线上,TMS,线上-TMS,0.5512,0.2677,1.059,2026-06,2026-06-01,1.619,0.6795,1.3826,both,1.0678,34.04570722668314
2026-08-01,30,线上,撮合,线上-撮合,5.1593,4.9056,0.0517,2026-08,2026-08-01,6.4649,9.1682,-0.2949,both,1.3056,79.80479203081255
2026-08-01,30,线上,TMS,线上-TMS,7.0471,4.2619,0.6535,2026-08,2026-08-01,13.8497,12.2989,0.1261,both,6.8026,50.88269059979639
2026-08-01,30,线上,网货,线上-网货,4.3992,6.2193,-0.2927,2026-08,2026-08-01,4.3305,6.2649,-0.3088,both,-0.06870000000000065,101.58642189123658
2026-08-01,30,线上举措,无线下销售归属-网货,线上举措-无线下销售归属-网货,0.1912,0.3695,-0.4825,2026-08,2026-08-01,0.1814,0.3737,-0.5146,both,-0.009800000000000003,105.4024255788313
2026-08-01,30,线上举措,无线下销售归属-撮合,线上举措-无线下销售归属-撮合,0.0193,0.0015,11.8667,2026-08,2026-08-01,0.0283,0.004,6.075,both,0.008999999999999998,68.19787985865725
2026-08-01,30,线上举措,无线下销售归属-TMS,线上举措-无线下销售归属-TMS,0.0045,0.0065,-0.3077,2026-08,2026-08-01,0.0138,0.047,-0.7064,both,0.0093,32.608695652173914
2026-04-01,30,线上举措,调度-网货,线上举措-调度-网货,0.4879,0.0764,5.3855,2026-04,2026-04-01,0.4984,0.0802,5.2145,both,0.01050000000000001,97.89325842696628
2026-04-01,30,线上举措,调度-撮合,线上举措-调度-撮合,0.0119,0.0011,9.7727,2026-04,2026-04-01,0.2423,0.0031,77.1452,both,0.2304,4.91126702434998
2026-04-01,30,线上举措,调度-TMS,线上举措-调度-TMS,0.0021,0.0,,2026-04,2026-04-01,0.004,0.0,,both,0.0019000000000000002,52.49999999999999
2026-01-01,31,线上举措,调度-网货,线上举措-调度-网货,0.0022,0.0,,2026-01,2026-01-01,0.0024,0.0,,both,0.00019999999999999966,91.66666666666669
2026-01-01,31,线上举措,调度-撮合,线上举措-调度-撮合,0.0016,0.0,,2026-01,2026-01-01,0.0017,0.0,,both,9.999999999999983e-05,94.11764705882354
2026-01-01,31,线上,网货,线上-网货,0.0057,0.0001,56.0,2026-01,2026-01-01,0.0061,0.0002,29.5,both,0.0004000000000000002,93.44262295081967
2026-01-01,31,线上,撮合,线上-撮合,0.0058,0.0,,2026-01,2026-01-01,0.0065,0.0003,20.6667,both,0.0007000000000000001,89.23076923076923
2026-06-01,30,线上举措,货主招募-撮合,线上举措-货主招募-撮合,0.0125,0.0147,-0.1497,2026-06,2026-06-01,0.0366,0.0241,0.5187,both,0.0241,34.15300546448087
2026-06-01,30,线上举措,货主招募-TMS,线上举措-货主招募-TMS,0.0,0.0013,-1.0,2026-06,2026-06-01,0.0,0.0101,-1.0,both,0.0,
2026-06-01,30,线上举措,货主招募-网货,线上举措-货主招募-网货,0.0008,0.0009,-0.1111,2026-06,2026-06-01,0.0006,0.001,-0.4,both,-0.0002000000000000001,133.33333333333334
2026-04-01,30,线上举措,货主招募-网货,线上举措-货主招募-网货,0.0,0.0,,2026-04,2026-04-01,0.0001,0.0,,both,0.0001,0.0
2026-04-01,30,线上举措,货主招募-TMS,线上举措-货主招募-TMS,0.0,0.0,,2026-04,2026-04-01,0.0,0.0,,both,0.0,
2026-04-01,30,线上举措,货主招募-撮合,线上举措-货主招募-撮合,0.0,0.0,,2026-04,2026-04-01,0.0,0.0,,both,0.0,
2026-04-01,30,举措,无线下销售归属-撮合,举措-无线下销售归属-撮合,0.0044,0.0035,0.2571,2026-04,2026-04-01,0.0187,0.0109,0.7156,both,0.0143,23.52941176470588
2026-04-01,30,举措,无线下销售归属-网货,举措-无线下销售归属-网货,0.0389,0.0008,47.625,2026-04,2026-04-01,0.0397,0.0009,43.1111,both,0.0008000000000000021,97.98488664987404
2026-04-01,30,举措,无线下销售归属-TMS,举措-无线下销售归属-TMS,0.0001,0.0,,2026-04,2026-04-01,0.0005,0.0,,both,0.0004,20.0
2026-01-01,31,线上举措,货主招募-撮合,线上举措-货主招募-撮合,0.0,0.0,,2026-01,2026-01-01,0.0,0.0,,both,0.0,
2026-01-01,31,线上举措,货主招募-网货,线上举措-货主招募-网货,0.0,0.0,,2026-01,2026-01-01,0.0,0.0,,both,0.0,
2026-04-01,30,线上举措,无线下销售归属-TMS,线上举措-无线下销售归属-TMS,0.0001,0.0,,2026-04,2026-04-01,0.0005,0.0,,both,0.0004,20.0
2026-04-01,30,线上举措,无线下销售归属-网货,线上举措-无线下销售归属-网货,0.0389,0.0008,47.625,2026-04,2026-04-01,0.0397,0.0009,43.1111,both,0.0008000000000000021,97.98488664987404
2026-04-01,30,线上举措,无线下销售归属-撮合,线上举措-无线下销售归属-撮合,0.0044,0.0035,0.2571,2026-04,2026-04-01,0.0187,0.0109,0.7156,both,0.0143,23.52941176470588
2026-01-01,31,举措,无线下销售归属-网货,举措-无线下销售归属-网货,0.0003,0.0,,2026-01,2026-01-01,0.0003,0.0,,both,0.0,100.0
2026-01-01,31,举措,无线下销售归属-撮合,举措-无线下销售归属-撮合,0.0041,0.0,,2026-01,2026-01-01,0.0047,0.0003,14.6667,both,0.0005999999999999998,87.2340425531915
2026-08-01,30,举措,无线下销售归属-网货,举措-无线下销售归属-网货,0.1912,0.3695,-0.4825,2026-08,2026-08-01,0.1814,0.3737,-0.5146,both,-0.009800000000000003,105.4024255788313
2026-08-01,30,举措,无线下销售归属-撮合,举措-无线下销售归属-撮合,0.0193,0.0015,11.8667,2026-08,2026-08-01,0.0283,0.004,6.075,both,0.008999999999999998,68.19787985865725
2026-08-01,30,举措,无线下销售归属-TMS,举措-无线下销售归属-TMS,0.0045,0.0065,-0.3077,2026-08,2026-08-01,0.0138,0.047,-0.7064,both,0.0093,32.608695652173914
2026-04-01,30,线上,TMS,线上-TMS,0.0022,0.0,,2026-04,2026-04-01,0.0045,0.0,,both,0.0022999999999999995,48.88888888888889
2026-04-01,30,线上,网货,线上-网货,1.713,0.3956,3.3301,2026-04,2026-04-01,1.8069,0.422,3.2818,both,0.09389999999999987,94.803254192263
2026-04-01,30,线上,撮合,线上-撮合,0.0217,0.0054,3.0185,2026-04,2026-04-01,0.2749,0.0154,16.8506,both,0.2532,7.893779556202256
2026-06-01,30,举措,无线下销售归属-撮合,举措-无线下销售归属-撮合,0.0014,0.0041,-0.6585,2026-06,2026-06-01,0.0033,0.0048,-0.3125,both,0.0019,42.42424242424242
2026-06-01,30,举措,无线下销售归属-网货,举措-无线下销售归属-网货,0.3862,0.0935,3.1305,2026-06,2026-06-01,0.3959,0.1013,2.9082,both,0.009699999999999986,97.54988633493306
2026-06-01,30,举措,无线下销售归属-TMS,举措-无线下销售归属-TMS,0.0001,0.0003,-0.6667,2026-06,2026-06-01,0.0024,0.0276,-0.913,both,0.0023,4.166666666666667
2026-06-01,30,举措,投流-撮合,举措-投流-撮合,0.4581,0.0294,14.5816,2026-06,2026-06-01,1.1026,0.204,4.4047,both,0.6445000000000001,41.547251949936516
2026-06-01,30,举措,投流-TMS,举措-投流-TMS,0.1023,0.1281,-0.2018,2026-06,2026-06-01,0.4282,0.1526,1.8057,both,0.3259,23.89070527790752
2026-06-01,30,举措,投流-网货,举措-投流-网货,5.4063,3.0527,0.771,2026-06,2026-06-01,5.4001,3.2521,0.6605,both,-0.006199999999999761,100.11481268865393
2026-01-01,31,线上举措,投流-撮合,线上举措-投流-撮合,0.0,0.0,,2026-01,2026-01-01,0.0,0.0,,both,0.0,
2026-01-01,31,线上举措,投流-网货,线上举措-投流-网货,0.0032,0.0001,31.0,2026-01,2026-01-01,0.0034,0.0002,16.0,both,0.00019999999999999966,94.11764705882354
2026-04-01,30,举措,投流-TMS,举措-投流-TMS,0.0,0.0,,2026-04,2026-04-01,0.0,0.0,,both,0.0,
2026-04-01,30,举措,投流-网货,举措-投流-网货,0.7781,0.246,2.163,2026-04,2026-04-01,0.8275,0.262,2.1582,both,0.0494,94.03021148036254
2026-04-01,30,举措,投流-撮合,举措-投流-撮合,0.0049,0.0003,15.1667,2026-04,2026-04-01,0.0125,0.0006,19.75,both,0.007600000000000001,39.199999999999996
2026-06-01,30,线上举措,投流-网货,线上举措-投流-网货,5.4063,3.0527,0.771,2026-06,2026-06-01,5.4001,3.2521,0.6605,both,-0.006199999999999761,100.11481268865393
2026-06-01,30,线上举措,投流-撮合,线上举措-投流-撮合,0.4581,0.0294,14.5816,2026-06,2026-06-01,1.1026,0.204,4.4047,both,0.6445000000000001,41.547251949936516
2026-06-01,30,线上举措,投流-TMS,线上举措-投流-TMS,0.1023,0.1281,-0.2018,2026-06,2026-06-01,0.4282,0.1526,1.8057,both,0.3259,23.89070527790752
2026-08-01,30,举措,投流-网货,举措-投流-网货,2.2629,3.3605,-0.3266,2026-08,2026-08-01,2.2117,3.3797,-0.3456,both,-0.051200000000000134,102.31496134195417
2026-08-01,30,举措,投流-撮合,举措-投流-撮合,3.0316,2.3631,0.2829,2026-08,2026-08-01,3.595,3.7246,-0.0348,both,0.5634000000000001,84.32823365785814
2026-08-01,30,举措,投流-TMS,举措-投流-TMS,1.4512,1.207,0.2023,2026-08,2026-08-01,2.5279,3.3791,-0.2519,both,1.0766999999999998,57.40733415087623
2026-01-01,31,举措,投流-网货,举措-投流-网货,0.0032,0.0001,31.0,2026-01,2026-01-01,0.0034,0.0002,16.0,both,0.00019999999999999966,94.11764705882354
2026-01-01,31,举措,投流-撮合,举措-投流-撮合,0.0,0.0,,2026-01,2026-01-01,0.0,0.0,,both,0.0,
2026-08-01,30,线上举措,投流-撮合,线上举措-投流-撮合,3.0316,2.3631,0.2829,2026-08,2026-08-01,3.595,3.7246,-0.0348,both,0.5634000000000001,84.32823365785814
2026-08-01,30,线上举措,投流-TMS,线上举措-投流-TMS,1.4512,1.207,0.2023,2026-08,2026-08-01,2.5279,3.3791,-0.2519,both,1.0766999999999998,57.40733415087623
2026-08-01,30,线上举措,投流-网货,线上举措-投流-网货,2.2629,3.3605,-0.3266,2026-08,2026-08-01,2.2117,3.3797,-0.3456,both,-0.051200000000000134,102.31496134195417
2026-04-01,30,线上举措,投流-网货,线上举措-投流-网货,0.7781,0.246,2.163,2026-04,2026-04-01,0.8275,0.262,2.1582,both,0.0494,94.03021148036254
2026-04-01,30,线上举措,投流-撮合,线上举措-投流-撮合,0.0049,0.0003,15.1667,2026-04,2026-04-01,0.0125,0.0006,19.75,both,0.007600000000000001,39.199999999999996
2026-04-01,30,线上举措,投流-TMS,线上举措-投流-TMS,0.0,0.0,,2026-04,2026-04-01,0.0,0.0,,both,0.0,
2026-04-01,30,举措,货主招募-网货,举措-货主招募-网货,0.0,0.0,,2026-04,2026-04-01,0.0001,0.0,,both,0.0001,0.0
2026-04-01,30,举措,货主招募-撮合,举措-货主招募-撮合,0.0,0.0,,2026-04,2026-04-01,0.0,0.0,,both,0.0,
2026-04-01,30,举措,货主招募-TMS,举措-货主招募-TMS,0.0,0.0,,2026-04,2026-04-01,0.0,0.0,,both,0.0,
2026-08-01,30,举措,货主招募-网货,举措-货主招募-网货,0.0002,0.0004,-0.5,2026-08,2026-08-01,0.0003,0.0004,-0.25,both,9.999999999999996e-05,66.66666666666667
2026-08-01,30,举措,货主招募-撮合,举措-货主招募-撮合,0.1724,0.2308,-0.2531,2026-08,2026-08-01,0.2125,0.2864,-0.2582,both,0.0401,81.12941176470588
2026-08-01,30,举措,货主招募-TMS,举措-货主招募-TMS,0.002,0.0,,2026-08,2026-08-01,0.0165,0.0,,both,0.0145,12.121212121212121
2026-01-01,31,举措,货主招募-撮合,举措-货主招募-撮合,0.0,0.0,,2026-01,2026-01-01,0.0,0.0,,both,0.0,
2026-01-01,31,举措,货主招募-网货,举措-货主招募-网货,0.0,0.0,,2026-01,2026-01-01,0.0,0.0,,both,0.0,
2026-06-01,30,线上举措,电销,线上举措-电销,2.225,1.8199,0.2226,2026-06,2026-06-01,2.3632,2.0102,0.1756,both,0.13819999999999988,94.15199729180772
2026-06-01,30,线上举措,无线下销售归属,线上举措-无线下销售归属,0.3877,0.0979,2.9602,2026-06,2026-06-01,0.4016,0.1337,2.0037,both,0.013900000000000023,96.53884462151395
2026-04-01,30,线上举措,电销,线上举措-电销,0.4088,0.0729,4.607,2026-04,2026-04-01,0.4428,0.0797,4.5552,both,0.03400000000000003,92.32158988256549
2026-08-01,30,线上举措,电销,线上举措-电销,4.1255,3.4615,0.1918,2026-08,2026-08-01,5.8656,5.2677,0.1135,both,1.7401,70.33381069285325
2026-04-01,30,线上举措,无线下销售归属,线上举措-无线下销售归属,0.0434,0.0043,9.093,2026-04,2026-04-01,0.0589,0.0118,3.9915,both,0.0155,73.68421052631578
2026-08-01,30,线上举措,无线下销售归属,线上举措-无线下销售归属,0.215,0.3775,-0.4305,2026-08,2026-08-01,0.2235,0.4247,-0.4737,both,0.008500000000000008,96.19686800894854
2026-01-01,31,线上举措,电销,线上举措-电销,0.0001,0.0,,2026-01,2026-01-01,0.0001,0.0,,both,0.0,100.0
2026-01-01,31,线上举措,无线下销售归属,线上举措-无线下销售归属,0.0044,0.0,,2026-01,2026-01-01,0.005,0.0003,15.6667,both,0.0005999999999999998,88.0
2026-06-01,30,举措,电销,举措-电销,2.225,1.8199,0.2226,2026-06,2026-06-01,2.3632,2.0102,0.1756,both,0.13819999999999988,94.15199729180772
2026-06-01,30,举措,投流,举措-投流,5.9667,3.2102,0.8587,2026-06,2026-06-01,6.9308,3.6087,0.9206,both,0.9640999999999993,86.08962890286837
2026-06-01,30,线上,线上,线上-线上,11.5813,7.1058,0.6298,2026-06,2026-06-01,13.7065,8.314,0.6486,both,2.1251999999999995,84.4949476525736
2026-04-01,30,线上,线上,线上-线上,1.7369,0.401,3.3314,2026-04,2026-04-01,2.0863,0.4374,3.7698,both,0.34939999999999993,83.25264822892203
2026-04-01,30,举措,投流,举措-投流,0.783,0.2463,2.1788,2026-04,2026-04-01,0.8399,0.2626,2.1984,both,0.05689999999999995,93.22538397428266
2026-08-01,30,举措,投流,举措-投流,6.7456,6.9305,-0.0267,2026-08,2026-08-01,8.3345,10.4834,-0.205,both,1.5889000000000006,80.93586897834302
2026-06-01,30,线上举措,投流,线上举措-投流,5.9667,3.2102,0.8587,2026-06,2026-06-01,6.9308,3.6087,0.9206,both,0.9640999999999993,86.08962890286837
2026-06-01,30,线上线下,线下,线上线下-线下,154.5689,103.4221,0.4945,2026-06,2026-06-01,176.2513,117.4726,0.5004,both,21.682399999999973,87.69801981602406
2026-04-01,30,线上举措,投流,线上举措-投流,0.783,0.2463,2.1788,2026-04,2026-04-01,0.8399,0.2626,2.1984,both,0.05689999999999995,93.22538397428266
2026-01-01,31,举措,投流,举措-投流,0.0032,0.0001,31.0,2026-01,2026-01-01,0.0034,0.0002,16.0,both,0.00019999999999999966,94.11764705882354
2026-01-01,31,线上举措,投流,线上举措-投流,0.0032,0.0001,31.0,2026-01,2026-01-01,0.0034,0.0002,16.0,both,0.00019999999999999966,94.11764705882354
2026-08-01,30,线上线下,线下,线上线下-线下,118.4886,150.7744,-0.2141,2026-08,2026-08-01,154.6263,265.8493,-0.4184,both,36.13769999999998,76.62900813121702
2026-08-01,30,线上举措,投流,线上举措-投流,6.7456,6.9305,-0.0267,2026-08,2026-08-01,8.3345,10.4834,-0.205,both,1.5889000000000006,80.93586897834302
2026-01-01,31,线上线下,线下,线上线下-线下,3.8199,0.1606,22.7852,2026-01,2026-01-01,4.1104,0.1891,20.7366,both,0.2905000000000002,92.9325613079019
2026-04-01,30,举措,货主招募,举措-货主招募,0.0,0.0,,2026-04,2026-04-01,0.0001,0.0,,both,0.0001,0.0
2026-04-01,30,举措,电销,举措-电销,0.4088,0.0729,4.607,2026-04,2026-04-01,0.4428,0.0797,4.5552,both,0.03400000000000003,92.32158988256549
2026-04-01,30,线上线下,线下,线上线下-线下,46.8529,18.9609,1.471,2026-04,2026-04-01,50.8297,20.2082,1.5153,both,3.9768000000000043,92.1762276779127
2026-06-01,30,举措,调度,举措-调度,2.9887,1.961,0.5241,2026-06,2026-06-01,3.9738,2.5263,0.573,both,0.9851000000000001,75.21012632744475
2026-08-01,30,举措,货主招募,举措-货主招募,0.1745,0.2312,-0.2451,2026-08,2026-08-01,0.2292,0.2868,-0.2008,both,0.0547,76.13438045375219
2026-04-01,30,举措,调度,举措-调度,0.5018,0.0775,5.4748,2026-04,2026-04-01,0.7447,0.0833,7.9394,both,0.2429,67.38283872700417
2026-01-01,31,举措,货主招募,举措-货主招募,0.0,0.0,,2026-01,2026-01-01,0.0,0.0,,both,0.0,
2026-08-01,30,举措,电销,举措-电销,4.1255,3.4615,0.1918,2026-08,2026-08-01,5.8656,5.2677,0.1135,both,1.7401,70.33381069285325
2026-06-01,30,举措,无线下销售归属,举措-无线下销售归属,0.3877,0.0979,2.9602,2026-06,2026-06-01,0.4016,0.1337,2.0037,both,0.013900000000000023,96.53884462151395
2026-01-01,31,举措,电销,举措-电销,0.0001,0.0,,2026-01,2026-01-01,0.0001,0.0,,both,0.0,100.0
2026-04-01,30,举措,无线下销售归属,举措-无线下销售归属,0.0434,0.0043,9.093,2026-04,2026-04-01,0.0589,0.0118,3.9915,both,0.0155,73.68421052631578
2026-08-01,30,线上举措,货主招募,线上举措-货主招募,0.1745,0.2312,-0.2451,2026-08,2026-08-01,0.2292,0.2868,-0.2008,both,0.0547,76.13438045375219
2026-06-01,30,举措,线下,举措-线下,154.5689,103.4221,0.4945,2026-06,2026-06-01,176.2513,117.4726,0.5004,both,21.682399999999973,87.69801981602406
2026-01-01,31,线上举措,货主招募,线上举措-货主招募,0.0,0.0,,2026-01,2026-01-01,0.0,0.0,,both,0.0,
2026-04-01,30,线上举措,货主招募,线上举措-货主招募,0.0,0.0,,2026-04,2026-04-01,0.0001,0.0,,both,0.0001,0.0
2026-08-01,30,举措,无线下销售归属,举措-无线下销售归属,0.215,0.3775,-0.4305,2026-08,2026-08-01,0.2235,0.4247,-0.4737,both,0.008500000000000008,96.19686800894854
2026-06-01,30,线上举措,货主招募,线上举措-货主招募,0.0133,0.0169,-0.213,2026-06,2026-06-01,0.0372,0.0352,0.0568,both,0.023899999999999998,35.752688172043015
2026-08-01,30,举措,调度,举措-调度,5.3451,4.3862,0.2186,2026-08,2026-08-01,9.9924,11.2695,-0.1133,both,4.6472999999999995,53.49165365677916
2026-01-01,31,举措,调度,举措-调度,0.0038,0.0,,2026-01,2026-01-01,0.0041,0.0,,both,0.00030000000000000035,92.68292682926828
2026-04-01,30,举措,线下,举措-线下,46.8529,18.9609,1.471,2026-04,2026-04-01,50.8297,20.2082,1.5153,both,3.9768000000000043,92.1762276779127
2026-01-01,31,举措,无线下销售归属,举措-无线下销售归属,0.0044,0.0,,2026-01,2026-01-01,0.005,0.0003,15.6667,both,0.0005999999999999998,88.0
2026-08-01,30,举措,线下,举措-线下,118.4886,150.7744,-0.2141,2026-08,2026-08-01,154.6263,265.8493,-0.4184,both,36.13769999999998,76.62900813121702
2026-01-01,31,举措,线下,举措-线下,3.8199,0.1606,22.7852,2026-01,2026-01-01,4.1104,0.1891,20.7366,both,0.2905000000000002,92.9325613079019
2026-06-01,30,整体,整体,整体-整体,154.9904,103.5322,0.497,2026-06,2026-06-01,176.7478,117.6225,0.5027,both,21.75740000000002,87.6901438094279
2026-04-01,30,线上线下,线上,线上线下-线上,1.7369,0.401,3.3314,2026-04,2026-04-01,2.0863,0.4374,3.7698,both,0.34939999999999993,83.25264822892203
2026-01-01,31,线上,线上,线上-线上,0.0115,0.0001,114.0,2026-01,2026-01-01,0.0126,0.0005,24.2,both,0.0011000000000000003,91.26984126984127
2026-01-01,31,线上线下,线上,线上线下-线上,0.0115,0.0001,114.0,2026-01,2026-01-01,0.0126,0.0005,24.2,both,0.0011000000000000003,91.26984126984127
2026-06-01,30,线上线下,线上,线上线下-线上,11.5813,7.1058,0.6298,2026-06,2026-06-01,13.7065,8.314,0.6486,both,2.1251999999999995,84.4949476525736
2026-08-01,30,线上,线上,线上-线上,16.6056,15.3868,0.0792,2026-08,2026-08-01,24.6451,27.732,-0.1113,both,8.0395,67.37891102085202
2026-04-01,30,线上举措,调度,线上举措-调度,0.5018,0.0775,5.4748,2026-04,2026-04-01,0.7447,0.0833,7.9394,both,0.2429,67.38283872700417
2026-06-01,30,线上举措,调度,线上举措-调度,2.9887,1.961,0.5241,2026-06,2026-06-01,3.9738,2.5263,0.573,both,0.9851000000000001,75.21012632744475
2026-04-01,30,整体,整体,整体-整体,46.8964,18.9652,1.4728,2026-04,2026-04-01,50.8888,20.22,1.5168,both,3.9924000000000035,92.15465878543019
2026-08-01,30,整体,整体,整体-整体,118.7471,151.1767,-0.2145,2026-08,2026-08-01,155.2763,266.6319,-0.4176,both,36.52919999999999,76.47470992031624
2026-01-01,31,整体,整体,整体-整体,3.8243,0.1606,22.8126,2026-01,2026-01-01,4.1154,0.1894,20.7286,both,0.29110000000000014,92.92656849880935
2026-01-01,31,线上举措,调度,线上举措-调度,0.0038,0.0,,2026-01,2026-01-01,0.0041,0.0,,both,0.00030000000000000035,92.68292682926828
2026-08-01,30,线上线下,线上,线上线下-线上,16.6056,15.3868,0.0792,2026-08,2026-08-01,24.6451,27.732,-0.1113,both,8.0395,67.37891102085202
2026-08-01,30,线上举措,调度,线上举措-调度,5.3451,4.3862,0.2186,2026-08,2026-08-01,9.9924,11.2695,-0.1133,both,4.6472999999999995,53.49165365677916
2026-06-01,30,举措,货主招募,举措-货主招募,0.0133,0.0169,-0.213,2026-06,2026-06-01,0.0372,0.0352,0.0568,both,0.023899999999999998,35.752688172043015
2026-03-01,31,线上举措,货主招募-网货,线上举措-货主招募-网货,0.0,0.0,,2026-03,2026-03-01,0.0,0.0,,both,0.0,
2026-03-01,31,线上举措,货主招募-撮合,线上举措-货主招募-撮合,0.0,0.0,,2026-03,2026-03-01,0.0,0.0,,both,0.0,
2026-05-01,31,线上举措,调度-网货,线上举措-调度-网货,1.8998,0.4879,2.8941,2026-05,2026-05-01,1.947,0.4984,2.9064,both,0.04720000000000013,97.57575757575758
2026-05-01,31,线上举措,调度-TMS,线上举措-调度-TMS,0.1372,0.0021,64.3333,2026-05,2026-05-01,0.4924,0.004,122.1,both,0.3552,27.863525588952072
2026-05-01,31,线上举措,调度-撮合,线上举措-调度-撮合,0.0145,0.0119,0.2194,2026-05,2026-05-01,0.1912,0.2423,-0.2107,both,0.1767,7.583682008368201
2026-07-01,31,举措,调度-TMS,举措-调度-TMS,2.6827,0.4231,5.3412,2026-07,2026-07-01,9.4869,1.1064,7.5749,both,6.8042,28.277941160969338
2026-07-01,31,举措,调度-撮合,举措-调度-撮合,0.6063,0.1193,4.0821,2026-07,2026-07-01,2.0922,0.3973,4.2666,both,1.4859,28.97906509893891
2026-07-01,31,举措,调度-网货,举措-调度-网货,1.4122,2.4464,-0.4228,2026-07,2026-07-01,1.4213,2.4702,-0.4246,both,0.009100000000000108,99.35974108210792
2026-02-01,28,举措,货主招募,举措-货主招募,0.0,0.0,,2026-02,2026-02-01,0.0,0.0,,both,0.0,
2026-03-01,31,线上举措,调度,线上举措-调度,0.0814,0.0076,9.7105,2026-03,2026-03-01,0.092,0.0082,10.2195,both,0.010599999999999998,88.47826086956522
2026-05-01,31,线上举措,投流,线上举措-投流,3.3647,0.783,3.2974,2026-05,2026-05-01,3.8233,0.8399,3.552,both,0.4586000000000001,88.00512646143383
2026-07-01,31,举措,无线下销售归属,举措-无线下销售归属,0.3833,0.3877,-0.0113,2026-07,2026-07-01,0.4371,0.4016,0.0884,both,0.053800000000000014,87.69160375200183
2026-03-01,31,线上举措,投流-网货,线上举措-投流-网货,0.2831,0.0023,122.087,2026-03,2026-03-01,0.2953,0.0022,133.2273,both,0.012199999999999989,95.86860819505588
2026-03-01,31,线上举措,投流-撮合,线上举措-投流-撮合,0.0003,0.0001,2.0,2026-03,2026-03-01,0.0007,0.0001,6.0,both,0.0004,42.857142857142854
2026-05-01,31,线上举措,电销-网货,线上举措-电销-网货,1.8418,0.4082,3.5126,2026-05,2026-05-01,1.9265,0.4413,3.366,both,0.0847,95.60342590189462
2026-05-01,31,线上举措,电销-TMS,线上举措-电销-TMS,0.0113,0.0,,2026-05,2026-05-01,0.0137,0.0,,both,0.002400000000000001,82.48175182481751
2026-05-01,31,线上举措,电销-撮合,线上举措-电销-撮合,0.0488,0.0006,80.25,2026-05,2026-05-01,0.1586,0.0015,104.7333,both,0.10979999999999998,30.76923076923077
2026-07-01,31,整体,撮合,整体-撮合,51.6705,17.7536,1.9104,2026-07,2026-07-01,97.3861,34.0747,1.858,both,45.7156,53.05736650302251
2026-07-01,31,整体,网货,整体-网货,66.5084,130.2365,-0.4893,2026-07,2026-07-01,66.0582,129.8634,-0.4913,both,-0.45019999999999527,100.68152023518655
2026-07-01,31,整体,TMS,整体-TMS,39.5993,7.0003,4.6568,2026-07,2026-07-01,116.0812,12.8097,8.062,both,76.4819,34.11344817248615
2026-02-01,28,线上举措,电销,线上举措-电销,0.0,0.0001,-1.0,2026-02,2026-02-01,0.0,0.0001,-1.0,both,0.0,
2026-03-01,31,举措,调度,举措-调度,0.0814,0.0076,9.7105,2026-03,2026-03-01,0.092,0.0082,10.2195,both,0.010599999999999998,88.47826086956522
2026-05-01,31,线上线下,线上,线上线下-线上,7.4392,1.7369,3.283,2026-05,2026-05-01,8.7301,2.0863,3.1845,both,1.2909000000000006,85.21322779807791
2026-07-01,31,线上举措,无线下销售归属,线上举措-无线下销售归属,0.3833,0.3877,-0.0113,2026-07,2026-07-01,0.4371,0.4016,0.0884,both,0.053800000000000014,87.69160375200183
2026-07-01,31,线上举措,投流-网货,线上举措-投流-网货,3.4616,5.4063,-0.3597,2026-07,2026-07-01,3.4819,5.4001,-0.3552,both,0.020300000000000207,99.41698497946523
2026-07-01,31,线上举措,投流-撮合,线上举措-投流-撮合,2.4817,0.4581,4.4173,2026-07,2026-07-01,3.9873,1.1026,2.6164,both,1.5055999999999998,62.240112356732624
2026-07-01,31,线上举措,投流-TMS,线上举措-投流-TMS,1.3063,0.1023,11.7756,2026-07,2026-07-01,3.6803,0.4282,7.5958,both,2.3739999999999997,35.49438904437138
2026-02-01,28,举措,电销-网货,举措-电销-网货,0.0,0.0,,2026-02,2026-02-01,0.0,0.0,,both,0.0,
2026-02-01,28,举措,电销-撮合,举措-电销-撮合,0.0,0.0001,-1.0,2026-02,2026-02-01,0.0,0.0001,-1.0,both,0.0,
2026-03-01,31,举措,无线下销售归属-网货,举措-无线下销售归属-网货,0.0009,0.0,,2026-03,2026-03-01,0.0012,0.0,,both,0.0002999999999999999,75.0
2026-03-01,31,举措,无线下销售归属-撮合,举措-无线下销售归属-撮合,0.0037,0.0019,0.9474,2026-03,2026-03-01,0.0117,0.0019,5.1579,both,0.008,31.62393162393162
2026-05-01,31,举措,线下-TMS,举措-线下-TMS,2.6895,0.0031,866.5806,2026-05,2026-05-01,4.0965,0.006,681.75,both,1.407,65.6536067374588
2026-05-01,31,举措,线下-网货,举措-线下-网货,99.5195,44.8926,1.2168,2026-05,2026-05-01,102.8024,45.9508,1.2372,both,3.282900000000012,96.8065920639985
2026-05-01,31,举措,线下-撮合,举措-线下-撮合,5.93,1.9572,2.0298,2026-05,2026-05-01,16.0674,4.8729,2.2973,both,10.1374,36.90702913974881
2026-07-01,31,举措,调度,举措-调度,4.7011,2.9887,0.573,2026-07,2026-07-01,13.0003,3.9738,2.2715,both,8.299199999999999,36.161473196772384
2026-02-01,28,举措,无线下销售归属,举措-无线下销售归属,0.0019,0.0039,-0.5128,2026-02,2026-02-01,0.0019,0.0045,-0.5778,both,0.0,100.0
2026-03-01,31,举措,无线下销售归属,举措-无线下销售归属,0.0046,0.0019,1.4211,2026-03,2026-03-01,0.0129,0.0019,5.7895,both,0.0083,35.65891472868217
2026-05-01,31,举措,无线下销售归属,举措-无线下销售归属,0.1019,0.0434,1.3479,2026-05,2026-05-01,0.1393,0.0589,1.365,both,0.0374,73.15147164393395
2026-02-01,28,整体,网货,整体-网货,5.7538,3.0177,0.9067,2026-02,2026-02-01,5.8488,3.2282,0.8118,both,0.09499999999999975,98.37573519354397
2026-02-01,28,整体,撮合,整体-撮合,0.3253,0.0593,4.4857,2026-02,2026-02-01,0.4947,0.096,4.1531,both,0.1694,65.75702445926824
2026-03-01,31,线上,网货,线上-网货,0.4405,0.0096,44.8854,2026-03,2026-03-01,0.4673,0.01,45.73,both,0.02679999999999999,94.26492617162423
2026-03-01,31,线上,撮合,线上-撮合,0.0056,0.0023,1.4348,2026-03,2026-03-01,0.0174,0.0024,6.25,both,0.011799999999999998,32.18390804597701
2026-05-01,31,举措,调度-网货,举措-调度-网货,1.8998,0.4879,2.8941,2026-05,2026-05-01,1.947,0.4984,2.9064,both,0.04720000000000013,97.57575757575758
2026-05-01,31,举措,调度-TMS,举措-调度-TMS,0.1372,0.0021,64.3333,2026-05,2026-05-01,0.4924,0.004,122.1,both,0.3552,27.863525588952072
2026-05-01,31,举措,调度-撮合,举措-调度-撮合,0.0145,0.0119,0.2194,2026-05,2026-05-01,0.1912,0.2423,-0.2107,both,0.1767,7.583682008368201
2026-07-01,31,线上举措,电销,线上举措-电销,3.6891,2.225,0.658,2026-07,2026-07-01,5.6793,2.3632,1.4032,both,1.9901999999999997,64.95694891976123
2026-02-01,28,线上举措,无线下销售归属,线上举措-无线下销售归属,0.0019,0.0039,-0.5128,2026-02,2026-02-01,0.0019,0.0045,-0.5778,both,0.0,100.0
2026-03-01,31,整体,整体,整体-整体,19.8886,6.0791,2.2716,2026-03,2026-03-01,21.323,6.3435,2.3614,both,1.4344000000000001,93.27299160530882
2026-05-01,31,举措,投流,举措-投流,3.3647,0.783,3.2974,2026-05,2026-05-01,3.8233,0.8399,3.552,both,0.4586000000000001,88.00512646143383
2026-05-01,31,线上举措,投流-网货,线上举措-投流-网货,3.1993,0.7781,3.1116,2026-05,2026-05-01,3.406,0.8275,3.1162,both,0.2067000000000001,93.93129770992367
2026-05-01,31,线上举措,投流-TMS,线上举措-投流-TMS,0.1282,0.0,,2026-05,2026-05-01,0.1536,0.0,,both,0.025399999999999978,83.46354166666667
2026-05-01,31,线上举措,投流-撮合,线上举措-投流-撮合,0.0372,0.0049,6.6701,2026-05,2026-05-01,0.2637,0.0125,20.1807,both,0.22649999999999998,14.106939704209328
2026-07-01,31,举措,电销-网货,举措-电销-网货,1.1658,2.0716,-0.4372,2026-07,2026-07-01,1.1714,2.0271,-0.4222,both,0.005600000000000049,99.52193955950145
2026-07-01,31,举措,电销-撮合,举措-电销-撮合,1.834,0.1276,13.373,2026-07,2026-07-01,3.238,0.254,11.7479,both,1.404,56.639901173563935
2026-07-01,31,举措,电销-TMS,举措-电销-TMS,0.6893,0.0258,25.7151,2026-07,2026-07-01,1.27,0.0821,14.4683,both,0.5807,54.27559055118111
2026-02-01,28,举措,货主招募-网货,举措-货主招募-网货,0.0,0.0,,2026-02,2026-02-01,0.0,0.0,,both,0.0,
2026-02-01,28,举措,货主招募-撮合,举措-货主招募-撮合,0.0,0.0,,2026-02,2026-02-01,0.0,0.0,,both,0.0,
2026-03-01,31,举措,电销,举措-电销,0.0767,0.0,,2026-03,2026-03-01,0.0838,0.0,,both,0.007099999999999995,91.527446300716
2026-05-01,31,举措,调度,举措-调度,2.0514,0.5018,3.0881,2026-05,2026-05-01,2.6306,0.7447,2.5326,both,0.5791999999999997,77.98220938189007
2026-07-01,31,线上举措,投流,线上举措-投流,7.2495,5.9667,0.215,2026-07,2026-07-01,11.1495,6.9308,0.6087,both,3.8999999999999995,65.02085295304722
2026-07-01,31,线上举措,电销-撮合,线上举措-电销-撮合,1.834,0.1276,13.373,2026-07,2026-07-01,3.238,0.254,11.7479,both,1.404,56.639901173563935
2026-07-01,31,线上举措,电销-网货,线上举措-电销-网货,1.1658,2.0716,-0.4372,2026-07,2026-07-01,1.1714,2.0271,-0.4222,both,0.005600000000000049,99.52193955950145
2026-07-01,31,线上举措,电销-TMS,线上举措-电销-TMS,0.6893,0.0258,25.7151,2026-07,2026-07-01,1.27,0.0821,14.4683,both,0.5807,54.27559055118111
2026-02-01,28,举措,调度-网货,举措-调度-网货,0.0073,0.0008,8.125,2026-02,2026-02-01,0.0078,0.0018,3.3333,both,0.0004999999999999996,93.58974358974359
2026-02-01,28,举措,调度-撮合,举措-调度-撮合,0.0003,0.0015,-0.8,2026-02,2026-02-01,0.0004,0.0017,-0.7647,both,0.00010000000000000005,74.99999999999999
2026-03-01,31,举措,投流-撮合,举措-投流-撮合,0.0003,0.0001,2.0,2026-03,2026-03-01,0.0007,0.0001,6.0,both,0.0004,42.857142857142854
2026-03-01,31,举措,投流-网货,举措-投流-网货,0.2831,0.0023,122.087,2026-03,2026-03-01,0.2953,0.0022,133.2273,both,0.012199999999999989,95.86860819505588
2026-05-01,31,举措,投流-网货,举措-投流-网货,3.1993,0.7781,3.1116,2026-05,2026-05-01,3.406,0.8275,3.1162,both,0.2067000000000001,93.93129770992367
2026-05-01,31,举措,投流-TMS,举措-投流-TMS,0.1282,0.0,,2026-05,2026-05-01,0.1536,0.0,,both,0.025399999999999978,83.46354166666667
2026-05-01,31,举措,投流-撮合,举措-投流-撮合,0.0372,0.0049,6.6701,2026-05,2026-05-01,0.2637,0.0125,20.1807,both,0.22649999999999998,14.106939704209328
2026-07-01,31,线上线下,线上,线上线下-线上,16.2603,11.5813,0.404,2026-07,2026-07-01,30.5585,13.7065,1.2295,both,14.298199999999998,53.210399725117405
2026-02-01,28,整体,整体,整体-整体,6.0791,3.077,0.9757,2026-02,2026-02-01,6.3435,3.3242,0.9083,both,0.2643999999999993,95.8319539686293
2026-05-01,31,线上,线上,线上-线上,7.4392,1.7369,3.283,2026-05,2026-05-01,8.7301,2.0863,3.1845,both,1.2909000000000006,85.21322779807791
2026-03-01,31,举措,投流,举措-投流,0.2834,0.0024,117.0833,2026-03,2026-03-01,0.296,0.0023,127.6957,both,0.0126,95.74324324324324
2026-07-01,31,线上,撮合,线上-撮合,5.1606,0.7189,6.1785,2026-07,2026-07-01,9.6139,1.7937,4.3598,both,4.4533,53.678527964717745
2026-07-01,31,线上,网货,线上-网货,6.4149,10.3112,-0.3779,2026-07,2026-07-01,6.4604,10.2938,-0.3724,both,0.04549999999999965,99.29570924400967
2026-07-01,31,线上,TMS,线上-TMS,4.6848,0.5512,7.4993,2026-07,2026-07-01,14.4842,1.619,7.9464,both,9.799399999999999,32.34420955247788
2026-02-01,28,举措,无线下销售归属-网货,举措-无线下销售归属-网货,0.0,0.0003,-1.0,2026-02,2026-02-01,0.0,0.0003,-1.0,both,0.0,
2026-02-01,28,举措,无线下销售归属-撮合,举措-无线下销售归属-撮合,0.0019,0.0036,-0.4722,2026-02,2026-02-01,0.0019,0.0042,-0.5476,both,0.0,100.0
2026-03-01,31,举措,货主招募-撮合,举措-货主招募-撮合,0.0,0.0,,2026-03,2026-03-01,0.0,0.0,,both,0.0,
2026-03-01,31,举措,货主招募-网货,举措-货主招募-网货,0.0,0.0,,2026-03,2026-03-01,0.0,0.0,,both,0.0,
2026-05-01,31,线上举措,电销,线上举措-电销,1.9019,0.4088,3.6528,2026-05,2026-05-01,2.0988,0.4428,3.7404,both,0.1969000000000003,90.61844863731655
2026-07-01,31,线上举措,调度,线上举措-调度,4.7011,2.9887,0.573,2026-07,2026-07-01,13.0003,3.9738,2.2715,both,8.299199999999999,36.161473196772384
2026-02-01,28,举措,投流,举措-投流,0.0024,0.0026,-0.0769,2026-02,2026-02-01,0.0023,0.003,-0.2333,both,-9.999999999999983e-05,104.34782608695652
2026-02-01,28,线上举措,无线下销售归属-网货,线上举措-无线下销售归属-网货,0.0,0.0003,-1.0,2026-02,2026-02-01,0.0,0.0003,-1.0,both,0.0,
2026-02-01,28,线上举措,无线下销售归属-撮合,线上举措-无线下销售归属-撮合,0.0019,0.0036,-0.4722,2026-02,2026-02-01,0.0019,0.0042,-0.5476,both,0.0,100.0
2026-03-01,31,举措,调度-撮合,举措-调度-撮合,0.0011,0.0003,2.6667,2026-03,2026-03-01,0.0042,0.0004,9.5,both,0.0030999999999999995,26.190476190476193
2026-03-01,31,举措,调度-网货,举措-调度-网货,0.0803,0.0073,10.0,2026-03,2026-03-01,0.0878,0.0078,10.2564,both,0.007500000000000007,91.45785876993166
2026-05-01,31,线上,TMS,线上-TMS,0.2783,0.0022,125.5,2026-05,2026-05-01,0.6974,0.0045,153.9778,both,0.41910000000000003,39.905362776025235
2026-05-01,31,线上,网货,线上-网货,7.0392,1.713,3.1093,2026-05,2026-05-01,7.3873,1.8069,3.0884,both,0.34809999999999963,95.28785889296496
2026-05-01,31,线上,撮合,线上-撮合,0.1217,0.0217,4.6083,2026-05,2026-05-01,0.6454,0.2749,1.3478,both,0.5236999999999999,18.85652308645801
2026-07-01,31,举措,货主招募,举措-货主招募,0.2374,0.0133,16.8459,2026-07,2026-07-01,0.2924,0.0372,6.8607,both,0.05499999999999999,81.19015047879617
2026-02-01,28,线上线下,线下,线上线下-线下,6.0772,3.0731,0.9775,2026-02,2026-02-01,6.3416,3.3197,0.9103,both,0.2643999999999993,95.83070518481142
2026-03-01,31,举措,线下,举措-线下,19.884,6.0772,2.2719,2026-03,2026-03-01,21.3101,6.3416,2.3604,both,1.4260999999999981,93.30786810010278
2026-05-01,31,整体,整体,整体-整体,108.2535,46.8964,1.3084,2026-05,2026-05-01,123.1226,50.8888,1.4194,both,14.869100000000003,87.92333820111011
2026-02-01,28,线上举措,电销-网货,线上举措-电销-网货,0.0,0.0,,2026-02,2026-02-01,0.0,0.0,,both,0.0,
2026-02-01,28,线上举措,电销-撮合,线上举措-电销-撮合,0.0,0.0001,-1.0,2026-02,2026-02-01,0.0,0.0001,-1.0,both,0.0,
2026-03-01,31,线上举措,无线下销售归属-撮合,线上举措-无线下销售归属-撮合,0.0037,0.0019,0.9474,2026-03,2026-03-01,0.0117,0.0019,5.1579,both,0.008,31.62393162393162
2026-03-01,31,线上举措,无线下销售归属-网货,线上举措-无线下销售归属-网货,0.0009,0.0,,2026-03,2026-03-01,0.0012,0.0,,both,0.0002999999999999999,75.0
2026-05-01,31,举措,电销-网货,举措-电销-网货,1.8418,0.4082,3.5126,2026-05,2026-05-01,1.9265,0.4413,3.366,both,0.0847,95.60342590189462
2026-05-01,31,举措,电销-TMS,举措-电销-TMS,0.0113,0.0,,2026-05,2026-05-01,0.0137,0.0,,both,0.002400000000000001,82.48175182481751
2026-05-01,31,举措,电销-撮合,举措-电销-撮合,0.0488,0.0006,80.25,2026-05,2026-05-01,0.1586,0.0015,104.7333,both,0.10979999999999998,30.76923076923077
2026-07-01,31,举措,投流-撮合,举措-投流-撮合,2.4817,0.4581,4.4173,2026-07,2026-07-01,3.9873,1.1026,2.6164,both,1.5055999999999998,62.240112356732624
2026-07-01,31,举措,投流-网货,举措-投流-网货,3.4616,5.4063,-0.3597,2026-07,2026-07-01,3.4819,5.4001,-0.3552,both,0.020300000000000207,99.41698497946523
2026-07-01,31,举措,投流-TMS,举措-投流-TMS,1.3063,0.1023,11.7756,2026-07,2026-07-01,3.6803,0.4282,7.5958,both,2.3739999999999997,35.49438904437138
2026-02-01,28,线上线下,线上,线上线下-线上,0.0119,0.0089,0.3371,2026-02,2026-02-01,0.0124,0.0111,0.1171,both,0.0004999999999999987,95.96774193548389
2026-03-01,31,线上线下,线下,线上线下-线下,19.884,6.0772,2.2719,2026-03,2026-03-01,21.3101,6.3416,2.3604,both,1.4260999999999981,93.30786810010278
2026-05-01,31,线上举措,货主招募,线上举措-货主招募,0.0194,0.0,,2026-05,2026-05-01,0.0382,0.0001,381.0,both,0.018799999999999997,50.78534031413613
2026-07-01,31,举措,投流,举措-投流,7.2495,5.9667,0.215,2026-07,2026-07-01,11.1495,6.9308,0.6087,both,3.8999999999999995,65.02085295304722
2026-07-01,31,线上举措,无线下销售归属-撮合,线上举措-无线下销售归属-撮合,0.0017,0.0014,0.2143,2026-07,2026-07-01,0.0045,0.0033,0.3636,both,0.0027999999999999995,37.77777777777778
2026-07-01,31,线上举措,无线下销售归属-TMS,线上举措-无线下销售归属-TMS,0.0066,0.0001,65.0,2026-07,2026-07-01,0.0471,0.0024,18.625,both,0.0405,14.012738853503185
2026-07-01,31,线上举措,无线下销售归属-网货,线上举措-无线下销售归属-网货,0.375,0.3862,-0.029,2026-07,2026-07-01,0.3855,0.3959,-0.0263,both,0.01050000000000001,97.27626459143968
2026-02-01,28,举措,投流-网货,举措-投流-网货,0.0023,0.0026,-0.1154,2026-02,2026-02-01,0.0022,0.003,-0.2667,both,-9.999999999999983e-05,104.54545454545455
2026-02-01,28,举措,投流-撮合,举措-投流-撮合,0.0001,0.0,,2026-02,2026-02-01,0.0001,0.0,,both,0.0,100.0
2026-05-01,31,举措,货主招募,举措-货主招募,0.0194,0.0,,2026-05,2026-05-01,0.0382,0.0001,381.0,both,0.018799999999999997,50.78534031413613
2026-03-01,31,举措,货主招募,举措-货主招募,0.0,0.0,,2026-03,2026-03-01,0.0,0.0,,both,0.0,
2026-07-01,31,线上举措,货主招募,线上举措-货主招募,0.2374,0.0133,16.8459,2026-07,2026-07-01,0.2924,0.0372,6.8607,both,0.05499999999999999,81.19015047879617
2026-02-01,28,举措,线下,举措-线下,6.0772,3.0731,0.9775,2026-02,2026-02-01,6.3416,3.3197,0.9103,both,0.2643999999999993,95.83070518481142
2026-02-01,28,线上举措,投流-网货,线上举措-投流-网货,0.0023,0.0026,-0.1154,2026-02,2026-02-01,0.0022,0.003,-0.2667,both,-9.999999999999983e-05,104.54545454545455
2026-02-01,28,线上举措,投流-撮合,线上举措-投流-撮合,0.0001,0.0,,2026-02,2026-02-01,0.0001,0.0,,both,0.0,100.0
2026-03-01,31,线上举措,调度-网货,线上举措-调度-网货,0.0803,0.0073,10.0,2026-03,2026-03-01,0.0878,0.0078,10.2564,both,0.007500000000000007,91.45785876993166
2026-03-01,31,线上举措,调度-撮合,线上举措-调度-撮合,0.0011,0.0003,2.6667,2026-03,2026-03-01,0.0042,0.0004,9.5,both,0.0030999999999999995,26.190476190476193
2026-05-01,31,线上举措,无线下销售归属-TMS,线上举措-无线下销售归属-TMS,0.0003,0.0001,2.0,2026-05,2026-05-01,0.0276,0.0005,54.2,both,0.027299999999999998,1.0869565217391304
2026-05-01,31,线上举措,无线下销售归属-网货,线上举措-无线下销售归属-网货,0.0975,0.0389,1.5064,2026-05,2026-05-01,0.1069,0.0397,1.6927,both,0.009399999999999992,91.20673526660431
2026-05-01,31,线上举措,无线下销售归属-撮合,线上举措-无线下销售归属-撮合,0.0041,0.0044,-0.0682,2026-05,2026-05-01,0.0048,0.0187,-0.7433,both,0.0006999999999999992,85.41666666666669
2026-07-01,31,举措,线下-TMS,举措-线下-TMS,39.5657,6.9842,4.665,2026-07,2026-07-01,115.404,12.7612,8.0434,both,75.8383,34.284513535059446
2026-07-01,31,举措,线下-网货,举措-线下-网货,66.1334,129.8503,-0.4907,2026-07,2026-07-01,65.6727,129.4675,-0.4927,both,-0.46069999999998856,100.70150915068209
2026-07-01,31,举措,线下-撮合,举措-线下-撮合,51.6665,17.7344,1.9133,2026-07,2026-07-01,97.3757,34.0226,1.8621,both,45.709199999999996,53.05892537871358
2026-02-01,28,举措,调度,举措-调度,0.0076,0.0023,2.3043,2026-02,2026-02-01,0.0082,0.0035,1.3429,both,0.0006000000000000007,92.68292682926828
2026-03-01,31,线上举措,投流,线上举措-投流,0.2834,0.0024,117.0833,2026-03,2026-03-01,0.296,0.0023,127.6957,both,0.0126,95.74324324324324
2026-05-01,31,线上线下,线下,线上线下-线下,108.139,46.8529,1.3081,2026-05,2026-05-01,122.9663,50.8297,1.4192,both,14.827300000000008,87.94198085166423
2026-07-01,31,线上,线上,线上-线上,16.2603,11.5813,0.404,2026-07,2026-07-01,30.5585,13.7065,1.2295,both,14.298199999999998,53.210399725117405
2026-02-01,28,线上举措,调度-网货,线上举措-调度-网货,0.0073,0.0008,8.125,2026-02,2026-02-01,0.0078,0.0018,3.3333,both,0.0004999999999999996,93.58974358974359
2026-02-01,28,线上举措,调度-撮合,线上举措-调度-撮合,0.0003,0.0015,-0.8,2026-02,2026-02-01,0.0004,0.0017,-0.7647,both,0.00010000000000000005,74.99999999999999
2026-03-01,31,举措,电销-撮合,举措-电销-撮合,0.0005,0.0,,2026-03,2026-03-01,0.0008,0.0,,both,0.00030000000000000003,62.5
2026-03-01,31,举措,电销-网货,举措-电销-网货,0.0762,0.0,,2026-03,2026-03-01,0.083,0.0,,both,0.0068000000000000005,91.80722891566265
2026-05-01,31,整体,TMS,整体-TMS,2.6995,0.0032,842.5938,2026-05,2026-05-01,4.1368,0.0065,635.4308,both,1.4373,65.25575323921872
2026-05-01,31,整体,网货,整体-网货,99.617,44.9316,1.2171,2026-05,2026-05-01,102.9093,45.9906,1.2376,both,3.2922999999999973,96.80077505142879
2026-05-01,31,整体,撮合,整体-撮合,5.937,1.9616,2.0266,2026-05,2026-05-01,16.0765,4.8917,2.2865,both,10.139499999999998,36.92967996765466
2026-07-01,31,举措,电销,举措-电销,3.6891,2.225,0.658,2026-07,2026-07-01,5.6793,2.3632,1.4032,both,1.9901999999999997,64.95694891976123
2026-02-01,28,线上举措,货主招募,线上举措-货主招募,0.0,0.0,,2026-02,2026-02-01,0.0,0.0,,both,0.0,
2026-03-01,31,线上举措,无线下销售归属,线上举措-无线下销售归属,0.0046,0.0019,1.4211,2026-03,2026-03-01,0.0129,0.0019,5.7895,both,0.0083,35.65891472868217
2026-05-01,31,举措,线下,举措-线下,108.139,46.8529,1.3081,2026-05,2026-05-01,122.9663,50.8297,1.4192,both,14.827300000000008,87.94198085166423
2026-07-01,31,线上举措,货主招募-撮合,线上举措-货主招募-撮合,0.237,0.0125,17.956,2026-07,2026-07-01,0.292,0.0366,6.9786,both,0.05499999999999999,81.16438356164383
2026-07-01,31,线上举措,货主招募-网货,线上举措-货主招募-网货,0.0004,0.0008,-0.5,2026-07,2026-07-01,0.0004,0.0006,-0.3333,both,0.0,100.0
2026-07-01,31,线上举措,货主招募-TMS,线上举措-货主招募-TMS,0.0,0.0,,2026-07,2026-07-01,0.0,0.0,,both,0.0,
2026-02-01,28,线上,网货,线上-网货,0.0096,0.0037,1.5946,2026-02,2026-02-01,0.01,0.0051,0.9608,both,0.00040000000000000105,95.99999999999999
2026-02-01,28,线上,撮合,线上-撮合,0.0023,0.0052,-0.5577,2026-02,2026-02-01,0.0024,0.006,-0.6,both,9.999999999999983e-05,95.83333333333334
2026-03-01,31,举措,线下-网货,举措-线下-网货,19.0835,5.7538,2.3167,2026-03,2026-03-01,19.949,5.8488,2.4108,both,0.8655000000000008,95.66143666349191
2026-03-01,31,举措,线下-撮合,举措-线下-撮合,0.8005,0.3234,1.4753,2026-03,2026-03-01,1.3611,0.4928,1.762,both,0.5606,58.81272500183675
2026-05-01,31,举措,货主招募-网货,举措-货主招募-网货,0.0009,0.0,,2026-05,2026-05-01,0.001,0.0001,9.0,both,0.00010000000000000005,89.99999999999999
2026-05-01,31,举措,货主招募-TMS,举措-货主招募-TMS,0.0013,0.0,,2026-05,2026-05-01,0.0101,0.0,,both,0.008799999999999999,12.871287128712872
2026-05-01,31,举措,货主招募-撮合,举措-货主招募-撮合,0.0172,0.0,,2026-05,2026-05-01,0.0271,0.0,,both,0.009899999999999999,63.46863468634687
2026-07-01,31,整体,整体,整体-整体,157.7782,154.9904,0.018,2026-07,2026-07-01,279.5255,176.7478,0.5815,both,121.74730000000002,56.445011278040816
2026-02-01,28,线上,线上,线上-线上,0.0119,0.0089,0.3371,2026-02,2026-02-01,0.0124,0.0111,0.1171,both,0.0004999999999999987,95.96774193548389
2026-03-01,31,线上,线上,线上-线上,0.4461,0.0119,36.4874,2026-03,2026-03-01,0.4847,0.0124,38.0887,both,0.03860000000000002,92.03631112028057
2026-03-01,31,线上举措,电销-撮合,线上举措-电销-撮合,0.0005,0.0,,2026-03,2026-03-01,0.0008,0.0,,both,0.00030000000000000003,62.5
2026-03-01,31,线上举措,电销-网货,线上举措-电销-网货,0.0762,0.0,,2026-03,2026-03-01,0.083,0.0,,both,0.0068000000000000005,91.80722891566265
2026-05-01,31,线上举措,货主招募-TMS,线上举措-货主招募-TMS,0.0013,0.0,,2026-05,2026-05-01,0.0101,0.0,,both,0.008799999999999999,12.871287128712872
2026-05-01,31,线上举措,货主招募-网货,线上举措-货主招募-网货,0.0009,0.0,,2026-05,2026-05-01,0.001,0.0001,9.0,both,0.00010000000000000005,89.99999999999999
2026-05-01,31,线上举措,货主招募-撮合,线上举措-货主招募-撮合,0.0172,0.0,,2026-05,2026-05-01,0.0271,0.0,,both,0.009899999999999999,63.46863468634687
2026-07-01,31,举措,无线下销售归属-撮合,举措-无线下销售归属-撮合,0.0017,0.0014,0.2143,2026-07,2026-07-01,0.0045,0.0033,0.3636,both,0.0027999999999999995,37.77777777777778
2026-07-01,31,举措,无线下销售归属-网货,举措-无线下销售归属-网货,0.375,0.3862,-0.029,2026-07,2026-07-01,0.3855,0.3959,-0.0263,both,0.01050000000000001,97.27626459143968
2026-07-01,31,举措,无线下销售归属-TMS,举措-无线下销售归属-TMS,0.0066,0.0001,65.0,2026-07,2026-07-01,0.0471,0.0024,18.625,both,0.0405,14.012738853503185
2026-02-01,28,举措,电销,举措-电销,0.0,0.0001,-1.0,2026-02,2026-02-01,0.0,0.0001,-1.0,both,0.0,
2026-03-01,31,线上线下,线上,线上线下-线上,0.4461,0.0119,36.4874,2026-03,2026-03-01,0.4847,0.0124,38.0887,both,0.03860000000000002,92.03631112028057
2026-05-01,31,线上举措,调度,线上举措-调度,2.0514,0.5018,3.0881,2026-05,2026-05-01,2.6306,0.7447,2.5326,both,0.5791999999999997,77.98220938189007
2026-07-01,31,举措,线下,举措-线下,157.3656,154.5689,0.0181,2026-07,2026-07-01,278.4524,176.2513,0.5799,both,121.08680000000001,56.51436295754678
2026-02-01,28,线上举措,货主招募-网货,线上举措-货主招募-网货,0.0,0.0,,2026-02,2026-02-01,0.0,0.0,,both,0.0,
2026-02-01,28,线上举措,货主招募-撮合,线上举措-货主招募-撮合,0.0,0.0,,2026-02,2026-02-01,0.0,0.0,,both,0.0,
2026-03-01,31,整体,撮合,整体-撮合,0.8042,0.3253,1.4722,2026-03,2026-03-01,1.3728,0.4947,1.775,both,0.5686,58.58100233100233
2026-03-01,31,整体,网货,整体-网货,19.0844,5.7538,2.3168,2026-03,2026-03-01,19.9502,5.8488,2.411,both,0.8658000000000001,95.6601938827681
2026-05-01,31,举措,无线下销售归属-TMS,举措-无线下销售归属-TMS,0.0003,0.0001,2.0,2026-05,2026-05-01,0.0276,0.0005,54.2,both,0.027299999999999998,1.0869565217391304
2026-05-01,31,举措,无线下销售归属-网货,举措-无线下销售归属-网货,0.0975,0.0389,1.5064,2026-05,2026-05-01,0.1069,0.0397,1.6927,both,0.009399999999999992,91.20673526660431
2026-05-01,31,举措,无线下销售归属-撮合,举措-无线下销售归属-撮合,0.0041,0.0044,-0.0682,2026-05,2026-05-01,0.0048,0.0187,-0.7433,both,0.0006999999999999992,85.41666666666669
2026-07-01,31,举措,货主招募-TMS,举措-货主招募-TMS,0.0,0.0,,2026-07,2026-07-01,0.0,0.0,,both,0.0,
2026-07-01,31,举措,货主招募-撮合,举措-货主招募-撮合,0.237,0.0125,17.956,2026-07,2026-07-01,0.292,0.0366,6.9786,both,0.05499999999999999,81.16438356164383
2026-07-01,31,举措,货主招募-网货,举措-货主招募-网货,0.0004,0.0008,-0.5,2026-07,2026-07-01,0.0004,0.0006,-0.3333,both,0.0,100.0
2026-03-01,31,线上举措,货主招募,线上举措-货主招募,0.0,0.0,,2026-03,2026-03-01,0.0,0.0,,both,0.0,
2026-02-01,28,线上举措,投流,线上举措-投流,0.0024,0.0026,-0.0769,2026-02,2026-02-01,0.0023,0.003,-0.2333,both,-9.999999999999983e-05,104.34782608695652
2026-05-01,31,线上举措,无线下销售归属,线上举措-无线下销售归属,0.1019,0.0434,1.3479,2026-05,2026-05-01,0.1393,0.0589,1.365,both,0.0374,73.15147164393395
2026-07-01,31,线上举措,调度-TMS,线上举措-调度-TMS,2.6827,0.4231,5.3412,2026-07,2026-07-01,9.4869,1.1064,7.5749,both,6.8042,28.277941160969338
2026-07-01,31,线上举措,调度-撮合,线上举措-调度-撮合,0.6063,0.1193,4.0821,2026-07,2026-07-01,2.0922,0.3973,4.2666,both,1.4859,28.97906509893891
2026-07-01,31,线上举措,调度-网货,线上举措-调度-网货,1.4122,2.4464,-0.4228,2026-07,2026-07-01,1.4213,2.4702,-0.4246,both,0.009100000000000108,99.35974108210792
2026-02-01,28,举措,线下-网货,举措-线下-网货,5.7538,3.0174,0.9069,2026-02,2026-02-01,5.8488,3.2279,0.812,both,0.09499999999999975,98.37573519354397
2026-02-01,28,举措,线下-撮合,举措-线下-撮合,0.3234,0.0557,4.8061,2026-02,2026-02-01,0.4928,0.0918,4.3682,both,0.1694,65.625
2026-05-01,31,举措,电销,举措-电销,1.9019,0.4088,3.6528,2026-05,2026-05-01,2.0988,0.4428,3.7404,both,0.1969000000000003,90.61844863731655
2026-03-01,31,线上举措,电销,线上举措-电销,0.0767,0.0,,2026-03,2026-03-01,0.0838,0.0,,both,0.007099999999999995,91.527446300716
2026-07-01,31,线上线下,线下,线上线下-线下,157.3656,154.5689,0.0181,2026-07,2026-07-01,278.4524,176.2513,0.5799,both,121.08680000000001,56.51436295754678
2026-02-01,28,线上举措,调度,线上举措-调度,0.0076,0.0023,2.3043,2026-02,2026-02-01,0.0082,0.0035,1.3429,both,0.0006000000000000007,92.68292682926828
