2026/6/1,30,线上举措,货主招募-撮合,线上举措-货主招募-撮合,0.0427,0.0147,1.9048
2026/6/1,30,线上举措,货主招募-网货,线上举措-货主招募-网货,0.0008,0.0009,-0.1111
2026/6/1,30,线上举措,货主招募-TMS,线上举措-货主招募-TMS,0.0,0.0101,-1.0
2026/6/1,30,线上,网货,线上-网货,10.3053,6.6994,0.5382
2026/6/1,30,线上,撮合,线上-撮合,1.352,0.2388,4.6616
2026/6/1,30,线上,TMS,线上-TMS,1.0776,0.4446,1.4238
2026/5/1,31,线上举措,货主招募-网货,线上举措-货主招募-网货,0.0009,0.0,
2026/5/1,31,线上举措,货主招募-撮合,线上举措-货主招募-撮合,0.0172,0.0,
2026/5/1,31,线上举措,货主招募-TMS,线上举措-货主招募-TMS,0.0101,0.0,
2026/2/1,28,线上举措,货主招募-网货,线上举措-货主招募-网货,0.0,0.0,
2026/2/1,28,线上举措,货主招募-撮合,线上举措-货主招募-撮合,0.0,0.0,
2026/1/1,31,线上举措,货主招募-网货,线上举措-货主招募-网货,0.0,0.0,
2026/1/1,31,线上举措,货主招募-撮合,线上举措-货主招募-撮合,0.0,0.0,
2026/3/1,31,线上举措,货主招募-撮合,线上举措-货主招募-撮合,0.0,0.0,
2026/3/1,31,线上举措,货主招募-网货,线上举措-货主招募-网货,0.0,0.0,
2026/6/1,30,举措,投流-网货,举措-投流-网货,5.3976,3.048,0.7708
2026/6/1,30,举措,投流-撮合,举措-投流-撮合,0.8677,0.105,7.2638
2026/6/1,30,举措,投流-TMS,举措-投流-TMS,0.2909,0.138,1.1076
2026/5/1,31,线上,TMS,线上-TMS,0.458,0.0024,189.8333
2026/5/1,31,线上,网货,线上-网货,7.0092,1.6924,3.1416
2026/5/1,31,线上,撮合,线上-撮合,0.3074,0.0702,3.3789
2026/8/1,31,线上,网货,线上-网货,4.5291,6.421,-0.2946
2026/8/1,31,线上,TMS,线上-TMS,12.6813,8.8766,0.4286
2026/8/1,31,线上,撮合,线上-撮合,6.0379,6.774,-0.1087
2026/5/1,31,举措,投流-撮合,举措-投流-撮合,0.1638,0.0065,24.3953
2026/5/1,31,举措,投流-网货,举措-投流-网货,3.194,0.7669,3.1651
2026/5/1,31,举措,投流-TMS,举措-投流-TMS,0.1386,0.0,
2026/8/1,31,举措,投流-网货,举措-投流-网货,2.3298,3.4597,-0.3266
2026/8/1,31,举措,投流-TMS,举措-投流-TMS,2.289,2.41,-0.0502
2026/8/1,31,举措,投流-撮合,举措-投流-撮合,3.33,3.2863,0.0133
2026/1/1,31,线上,撮合,线上-撮合,0.0058,0.0,
2026/1/1,31,线上,网货,线上-网货,0.0057,0.0001,56.0
2026/2/1,28,线上,网货,线上-网货,0.0095,0.0037,1.5676
2026/2/1,28,线上,撮合,线上-撮合,0.0024,0.0052,-0.5385
2026/2/1,28,举措,投流-网货,举措-投流-网货,0.0023,0.0026,-0.1154
2026/2/1,28,举措,投流-撮合,举措-投流-撮合,0.0001,0.0,
2026/1/1,31,举措,投流-撮合,举措-投流-撮合,0.0,0.0,
2026/1/1,31,举措,投流-网货,举措-投流-网货,0.0032,0.0001,31.0
2026/6/1,30,举措,电销-网货,举措-电销-网货,2.063,1.7466,0.1811
2026/6/1,30,举措,电销-撮合,举措-电销-撮合,0.2856,0.0552,4.1739
2026/6/1,30,举措,电销-TMS,举措-电销-TMS,0.0563,0.0109,4.1651
2026/3/1,31,线上,撮合,线上-撮合,0.0062,0.0024,1.5833
2026/3/1,31,线上,网货,线上-网货,0.4087,0.0095,42.0211
2026/6/1,30,线上举措,调度-网货,线上举措-调度-网货,2.4634,1.8126,0.359
2026/6/1,30,线上举措,调度-撮合,线上举措-调度-撮合,0.1542,0.0596,1.5872
2026/6/1,30,线上举措,调度-TMS,线上举措-调度-TMS,0.7304,0.2586,1.8242
2026/5/1,31,线上举措,调度-TMS,线上举措-调度-TMS,0.271,0.0021,128.0238
2026/5/1,31,线上举措,调度-网货,线上举措-调度-网货,1.8925,0.4845,2.9061
2026/5/1,31,线上举措,调度-撮合,线上举措-调度-撮合,0.0611,0.0576,0.0608
2026/3/1,31,举措,电销-网货,举措-电销-网货,0.0744,0.0,
2026/3/1,31,举措,电销-撮合,举措-电销-撮合,0.0005,0.0,
2026/5/1,31,举措,电销-网货,举措-电销-网货,1.8274,0.4028,3.5373
2026/5/1,31,举措,电销-撮合,举措-电销-撮合,0.061,0.0007,92.8462
2026/5/1,31,举措,电销-TMS,举措-电销-TMS,0.0114,0.0,
2026/8/1,31,举措,电销-网货,举措-电销-网货,1.0238,1.158,-0.1159
2026/8/1,31,举措,电销-TMS,举措-电销-TMS,2.8439,0.9122,2.1176
2026/8/1,31,举措,电销-撮合,举措-电销-撮合,1.6271,2.0938,-0.2229
2026/1/1,31,举措,电销-网货,举措-电销-网货,0.0,0.0,
2026/1/1,31,举措,电销-撮合,举措-电销-撮合,0.0001,0.0,
2026/8/1,31,线上举措,调度-网货,线上举措-调度-网货,0.9785,1.4285,-0.315
2026/8/1,31,线上举措,调度-TMS,线上举措-调度-TMS,7.5222,5.5266,0.3611
2026/8/1,31,线上举措,调度-撮合,线上举措-调度-撮合,0.8529,1.127,-0.2432
2026/3/1,31,线上举措,调度-撮合,线上举措-调度-撮合,0.0012,0.0004,2.0
2026/3/1,31,线上举措,调度-网货,线上举措-调度-网货,0.0784,0.0072,9.8889
2026/8/1,31,线上举措,货主招募-网货,线上举措-货主招募-网货,0.0002,0.0004,-0.5
2026/8/1,31,线上举措,货主招募-TMS,线上举措-货主招募-TMS,0.0169,0.0,
2026/8/1,31,线上举措,货主招募-撮合,线上举措-货主招募-撮合,0.2024,0.2625,-0.229
2026/1/1,31,线上举措,调度-网货,线上举措-调度-网货,0.0022,0.0,
2026/1/1,31,线上举措,调度-撮合,线上举措-调度-撮合,0.0016,0.0,
2026/6/1,30,举措,线下-网货,举措-线下-网货,129.0898,94.0241,0.3729
2026/6/1,30,举措,线下-撮合,举措-线下-撮合,26.9434,9.3175,1.8917
2026/6/1,30,举措,线下-TMS,举措-线下-TMS,10.9845,3.3558,2.2733
2026/2/1,28,线上举措,调度-网货,线上举措-调度-网货,0.0072,0.0008,8.0
2026/2/1,28,线上举措,调度-撮合,线上举措-调度-撮合,0.0004,0.0015,-0.7333
2026/2/1,28,举措,电销-网货,举措-电销-网货,0.0,0.0,
2026/2/1,28,举措,电销-撮合,举措-电销-撮合,0.0,0.0001,-1.0
2026/3/1,31,举措,线下-网货,举措-线下-网货,18.7277,5.6627,2.3072
2026/3/1,31,举措,线下-撮合,举措-线下-撮合,0.9759,0.3341,1.921
2026/6/1,30,举措,调度-网货,举措-调度-网货,2.4634,1.8126,0.359
2026/6/1,30,举措,调度-撮合,举措-调度-撮合,0.1542,0.0596,1.5872
2026/6/1,30,举措,调度-TMS,举措-调度-TMS,0.7304,0.2586,1.8242
2026/5/1,31,举措,线下-网货,举措-线下-网货,98.1466,44.1241,1.2243
2026/5/1,31,举措,线下-撮合,举措-线下-撮合,10.2569,2.9149,2.5188
2026/5/1,31,举措,线下-TMS,举措-线下-TMS,3.5539,0.0037,959.5135
2026/8/1,31,举措,线下-网货,举措-线下-网货,41.5685,65.6581,-0.3669
2026/8/1,31,举措,线下-TMS,举措-线下-TMS,65.939,82.8903,-0.2045
2026/8/1,31,举措,线下-撮合,举措-线下-撮合,40.7426,78.8708,-0.4834
2026/3/1,31,举措,投流-网货,举措-投流-网货,0.2551,0.0023,109.913
2026/3/1,31,举措,投流-撮合,举措-投流-撮合,0.0003,0.0001,2.0
2026/2/1,28,举措,调度-网货,举措-调度-网货,0.0072,0.0008,8.0
2026/2/1,28,举措,调度-撮合,举措-调度-撮合,0.0004,0.0015,-0.7333
2026/2/1,28,举措,线下-网货,举措-线下-网货,5.6627,2.9626,0.9114
2026/2/1,28,举措,线下-撮合,举措-线下-撮合,0.3341,0.0575,4.8104
2026/5/1,31,举措,调度-TMS,举措-调度-TMS,0.271,0.0021,128.0238
2026/5/1,31,举措,调度-撮合,举措-调度-撮合,0.0611,0.0576,0.0608
2026/5/1,31,举措,调度-网货,举措-调度-网货,1.8925,0.4845,2.9061
2026/3/1,31,举措,调度-撮合,举措-调度-撮合,0.0012,0.0004,2.0
2026/3/1,31,举措,调度-网货,举措-调度-网货,0.0784,0.0072,9.8889
2026/8/1,31,举措,调度-网货,举措-调度-网货,0.9785,1.4285,-0.315
2026/8/1,31,举措,调度-TMS,举措-调度-TMS,7.5222,5.5266,0.3611
2026/8/1,31,举措,调度-撮合,举措-调度-撮合,0.8529,1.127,-0.2432
2026/6/1,30,线上举措,无线下销售归属-网货,线上举措-无线下销售归属-网货,0.3806,0.0913,3.1687
2026/6/1,30,线上举措,无线下销售归属-撮合,线上举措-无线下销售归属-撮合,0.0018,0.0043,-0.5814
2026/6/1,30,线上举措,无线下销售归属-TMS,线上举措-无线下销售归属-TMS,0.0001,0.027,-0.9963
2026/1/1,31,举措,线下-撮合,举措-线下-撮合,0.089,0.0062,13.3548
2026/1/1,31,举措,线下-网货,举措-线下-网货,3.6679,0.1529,22.9889
2026/5/1,31,线上举措,无线下销售归属-网货,线上举措-无线下销售归属-网货,0.0944,0.0383,1.4648
2026/5/1,31,线上举措,无线下销售归属-TMS,线上举措-无线下销售归属-TMS,0.027,0.0003,89.0
2026/5/1,31,线上举措,无线下销售归属-撮合,线上举措-无线下销售归属-撮合,0.0043,0.0055,-0.2182
2026/1/1,31,举措,调度-撮合,举措-调度-撮合,0.0016,0.0,
2026/1/1,31,举措,调度-网货,举措-调度-网货,0.0022,0.0,
2026/8/1,31,线上举措,无线下销售归属-网货,线上举措-无线下销售归属-网货,0.1969,0.3745,-0.4742
2026/8/1,31,线上举措,无线下销售归属-TMS,线上举措-无线下销售归属-TMS,0.0094,0.0278,-0.6619
2026/8/1,31,线上举措,无线下销售归属-撮合,线上举措-无线下销售归属-撮合,0.0256,0.0045,4.6889
2026/2/1,28,线上举措,无线下销售归属-网货,线上举措-无线下销售归属-网货,0.0,0.0003,-1.0
2026/2/1,28,线上举措,无线下销售归属-撮合,线上举措-无线下销售归属-撮合,0.0019,0.0036,-0.4722
2026/3/1,31,线上举措,无线下销售归属-撮合,线上举措-无线下销售归属-撮合,0.0042,0.0019,1.2105
2026/3/1,31,线上举措,无线下销售归属-网货,线上举措-无线下销售归属-网货,0.0008,0.0,
2026/6/1,30,线上举措,电销-撮合,线上举措-电销-撮合,0.2856,0.0552,4.1739
2026/6/1,30,线上举措,电销-网货,线上举措-电销-网货,2.063,1.7466,0.1811
2026/6/1,30,线上举措,电销-TMS,线上举措-电销-TMS,0.0563,0.0109,4.1651
2026/2/1,28,线上举措,电销-网货,线上举措-电销-网货,0.0,0.0,
2026/2/1,28,线上举措,电销-撮合,线上举措-电销-撮合,0.0,0.0001,-1.0
2026/3/1,31,线上举措,电销-网货,线上举措-电销-网货,0.0744,0.0,
2026/3/1,31,线上举措,电销-撮合,线上举措-电销-撮合,0.0005,0.0,
2026/5/1,31,线上举措,电销-网货,线上举措-电销-网货,1.8274,0.4028,3.5373
2026/5/1,31,线上举措,电销-撮合,线上举措-电销-撮合,0.061,0.0007,92.8462
2026/5/1,31,线上举措,电销-TMS,线上举措-电销-TMS,0.0114,0.0,
2026/8/1,31,线上举措,电销-网货,线上举措-电销-网货,1.0238,1.158,-0.1159
2026/8/1,31,线上举措,电销-TMS,线上举措-电销-TMS,2.8439,0.9122,2.1176
2026/8/1,31,线上举措,电销-撮合,线上举措-电销-撮合,1.6271,2.0938,-0.2229
2026/6/1,30,举措,无线下销售归属-撮合,举措-无线下销售归属-撮合,0.0018,0.0043,-0.5814
2026/6/1,30,举措,无线下销售归属-网货,举措-无线下销售归属-网货,0.3806,0.0913,3.1687
2026/6/1,30,举措,无线下销售归属-TMS,举措-无线下销售归属-TMS,0.0001,0.027,-0.9963
2026/1/1,31,线上举措,无线下销售归属-网货,线上举措-无线下销售归属-网货,0.0003,0.0,
2026/1/1,31,线上举措,无线下销售归属-撮合,线上举措-无线下销售归属-撮合,0.0041,0.0,
2026/5/1,31,举措,无线下销售归属-网货,举措-无线下销售归属-网货,0.0944,0.0383,1.4648
2026/5/1,31,举措,无线下销售归属-撮合,举措-无线下销售归属-撮合,0.0043,0.0055,-0.2182
2026/5/1,31,举措,无线下销售归属-TMS,举措-无线下销售归属-TMS,0.027,0.0003,89.0
2026/6/1,30,整体,撮合,整体-撮合,26.9932,9.325,1.8947
2026/6/1,30,整体,网货,整体-网货,129.4704,94.1154,0.3757
2026/6/1,30,整体,TMS,整体-TMS,11.0104,3.3926,2.2454
2026/1/1,31,举措,无线下销售归属-网货,举措-无线下销售归属-网货,0.0003,0.0,
2026/1/1,31,举措,无线下销售归属-撮合,举措-无线下销售归属-撮合,0.0041,0.0,
2026/3/1,31,举措,无线下销售归属-网货,举措-无线下销售归属-网货,0.0008,0.0,
2026/3/1,31,举措,无线下销售归属-撮合,举措-无线下销售归属-撮合,0.0042,0.0019,1.2105
2026/8/1,31,举措,无线下销售归属-网货,举措-无线下销售归属-网货,0.1969,0.3745,-0.4742
2026/8/1,31,举措,无线下销售归属-TMS,举措-无线下销售归属-TMS,0.0094,0.0278,-0.6619
2026/8/1,31,举措,无线下销售归属-撮合,举措-无线下销售归属-撮合,0.0256,0.0045,4.6889
2026/1/1,31,线上举措,电销-网货,线上举措-电销-网货,0.0,0.0,
2026/1/1,31,线上举措,电销-撮合,线上举措-电销-撮合,0.0001,0.0,
2026/2/1,28,举措,无线下销售归属-网货,举措-无线下销售归属-网货,0.0,0.0003,-1.0
2026/2/1,28,举措,无线下销售归属-撮合,举措-无线下销售归属-撮合,0.0019,0.0036,-0.4722
2026/5/1,31,整体,TMS,整体-TMS,3.5913,0.004,896.825
2026/5/1,31,整体,撮合,整体-撮合,10.2644,2.9204,2.5147
2026/5/1,31,整体,网货,整体-网货,98.241,44.1624,1.2245
2026/8/1,31,整体,网货,整体-网货,41.7664,66.0326,-0.3675
2026/8/1,31,整体,TMS,整体-TMS,65.9916,82.963,-0.2046
2026/8/1,31,整体,撮合,整体-撮合,40.7855,78.8798,-0.4829
2026/2/1,28,整体,网货,整体-网货,5.6627,2.9629,0.9112
2026/2/1,28,整体,撮合,整体-撮合,0.336,0.0611,4.4992
2026/3/1,31,整体,撮合,整体-撮合,0.9801,0.336,1.917
2026/3/1,31,整体,网货,整体-网货,18.7285,5.6627,2.3073
2026/1/1,31,举措,货主招募-撮合,举措-货主招募-撮合,0.0,0.0,
2026/1/1,31,举措,货主招募-网货,举措-货主招募-网货,0.0,0.0,
2026/3/1,31,举措,货主招募-撮合,举措-货主招募-撮合,0.0,0.0,
2026/3/1,31,举措,货主招募-网货,举措-货主招募-网货,0.0,0.0,
2026/1/1,31,整体,撮合,整体-撮合,0.0931,0.0062,14.0161
2026/1/1,31,整体,网货,整体-网货,3.6682,0.1529,22.9908
2026/2/1,28,举措,货主招募-网货,举措-货主招募-网货,0.0,0.0,
2026/2/1,28,举措,货主招募-撮合,举措-货主招募-撮合,0.0,0.0,
2026/5/1,31,举措,货主招募-TMS,举措-货主招募-TMS,0.0101,0.0,
2026/5/1,31,举措,货主招募-网货,举措-货主招募-网货,0.0009,0.0,
2026/5/1,31,举措,货主招募-撮合,举措-货主招募-撮合,0.0172,0.0,
2026/8/1,31,举措,货主招募-网货,举措-货主招募-网货,0.0002,0.0004,-0.5
2026/8/1,31,举措,货主招募-TMS,举措-货主招募-TMS,0.0169,0.0,
2026/8/1,31,举措,货主招募-撮合,举措-货主招募-撮合,0.2024,0.2625,-0.229
2026/6/1,30,线上举措,投流-撮合,线上举措-投流-撮合,0.8677,0.105,7.2638
2026/6/1,30,线上举措,投流-网货,线上举措-投流-网货,5.3976,3.048,0.7708
2026/6/1,30,线上举措,投流-TMS,线上举措-投流-TMS,0.2909,0.138,1.1076
2026/6/1,30,举措,货主招募-撮合,举措-货主招募-撮合,0.0427,0.0147,1.9048
2026/6/1,30,举措,货主招募-网货,举措-货主招募-网货,0.0008,0.0009,-0.1111
2026/6/1,30,举措,货主招募-TMS,举措-货主招募-TMS,0.0,0.0101,-1.0
2026/2/1,28,线上举措,投流-网货,线上举措-投流-网货,0.0023,0.0026,-0.1154
2026/2/1,28,线上举措,投流-撮合,线上举措-投流-撮合,0.0001,0.0,
2026/3/1,31,线上举措,投流-撮合,线上举措-投流-撮合,0.0003,0.0001,2.0
2026/3/1,31,线上举措,投流-网货,线上举措-投流-网货,0.2551,0.0023,109.913
2026/5/1,31,线上举措,投流-撮合,线上举措-投流-撮合,0.1638,0.0065,24.3953
2026/5/1,31,线上举措,投流-TMS,线上举措-投流-TMS,0.1386,0.0,
2026/5/1,31,线上举措,投流-网货,线上举措-投流-网货,3.194,0.7669,3.1651
2026/1/1,31,线上举措,投流-网货,线上举措-投流-网货,0.0032,0.0001,31.0
2026/1/1,31,线上举措,投流-撮合,线上举措-投流-撮合,0.0,0.0,
2026/8/1,31,线上举措,投流-网货,线上举措-投流-网货,2.3298,3.4597,-0.3266
2026/8/1,31,线上举措,投流-TMS,线上举措-投流-TMS,2.289,2.41,-0.0502
2026/8/1,31,线上举措,投流-撮合,线上举措-投流-撮合,3.33,3.2863,0.0133
2026/8/1,31,整体,整体,整体-整体,148.5435,227.8754,-0.3481
2026/1/1,31,整体,整体,整体-整体,3.7613,0.1591,22.6411
2026/5/1,31,整体,整体,整体-整体,112.0967,47.0868,1.3806
2026/6/1,30,整体,整体,整体-整体,167.474,106.833,0.5676
2026/3/1,31,整体,整体,整体-整体,19.7086,5.9987,2.2855
2026/5/1,31,线上线下,线下,线上线下-线下,111.9574,47.0427,1.3799
2026/8/1,31,线上线下,线下,线上线下-线下,148.2501,227.4192,-0.3481
2026/2/1,28,线上线下,线下,线上线下-线下,5.9968,3.0201,0.9856
2026/6/1,30,线上线下,线下,线上线下-线下,167.0177,106.6974,0.5653
2026/2/1,28,整体,整体,整体-整体,5.9987,3.024,0.9837
2026/3/1,31,线上线下,线下,线上线下-线下,19.7036,5.9968,2.2857
2026/1/1,31,线上线下,线下,线上线下-线下,3.7569,0.1591,22.6135
2026/3/1,31,举措,电销,举措-电销,0.0749,0.0,
2026/6/1,30,举措,线下,举措-线下,167.0177,106.6974,0.5653
2026/8/1,31,举措,电销,举措-电销,5.4947,4.164,0.3196
2026/6/1,30,举措,货主招募,举措-货主招募,0.0435,0.0257,0.6926
2026/5/1,31,举措,电销,举措-电销,1.8998,0.4034,3.7095
2026/2/1,28,举措,电销,举措-电销,0.0,0.0001,-1.0
2026/6/1,30,举措,电销,举措-电销,2.4049,1.8127,0.3267
2026/1/1,31,举措,电销,举措-电销,0.0001,0.0,
2026/3/1,31,举措,线下,举措-线下,19.7036,5.9968,2.2857
2026/5/1,31,举措,线下,举措-线下,111.9574,47.0427,1.3799
2026/2/1,28,举措,线下,举措-线下,5.9968,3.0201,0.9856
2026/5/1,31,举措,货主招募,举措-货主招募,0.0282,0.0,
2026/1/1,31,举措,线下,举措-线下,3.7569,0.1591,22.6135
2026/8/1,31,举措,线下,举措-线下,148.2501,227.4192,-0.3481
2026/6/1,30,线上举措,投流,线上举措-投流,6.5561,3.291,0.9921
2026/3/1,31,举措,货主招募,举措-货主招募,0.0,0.0,
2026/2/1,28,举措,货主招募,举措-货主招募,0.0,0.0,
2026/6/1,30,线上线下,线上,线上线下-线上,12.7349,7.3828,0.7249
2026/5/1,31,线上举措,投流,线上举措-投流,3.4964,0.7733,3.5213
2026/3/1,31,线上举措,投流,线上举措-投流,0.2554,0.0024,105.4167
2026/1/1,31,举措,货主招募,举措-货主招募,0.0,0.0,
2026/6/1,30,举措,投流,举措-投流,6.5561,3.291,0.9921
2026/2/1,28,线上举措,投流,线上举措-投流,0.0024,0.0026,-0.0769
2026/1/1,31,线上举措,投流,线上举措-投流,0.0032,0.0001,31.0
2026/5/1,31,举措,投流,举措-投流,3.4964,0.7733,3.5213
2026/8/1,31,举措,货主招募,举措-货主招募,0.2195,0.2629,-0.1652
2026/6/1,30,线上举措,调度,线上举措-调度,3.348,2.1308,0.5712
2026/2/1,28,举措,投流,举措-投流,0.0024,0.0026,-0.0769
2026/3/1,31,举措,投流,举措-投流,0.2554,0.0024,105.4167
2026/1/1,31,举措,投流,举措-投流,0.0032,0.0001,31.0
2026/8/1,31,线上举措,投流,线上举措-投流,7.9488,9.156,-0.1319
2026/3/1,31,线上,线上,线上-线上,0.4149,0.0119,33.8655
2026/6/1,30,举措,调度,举措-调度,3.348,2.1308,0.5712
2026/6/1,30,线上,线上,线上-线上,12.7349,7.3828,0.7249
2026/8/1,31,举措,投流,举措-投流,7.9488,9.156,-0.1319
2026/3/1,31,线上线下,线上,线上线下-线上,0.4149,0.0119,33.8655
2026/5/1,31,线上线下,线上,线上线下-线上,7.7746,1.765,3.4049
2026/5/1,31,线上,线上,线上-线上,7.7746,1.765,3.4049
2026/8/1,31,线上线下,线上,线上线下-线上,23.2483,22.0716,0.0533
2026/8/1,31,线上,线上,线上-线上,23.2483,22.0716,0.0533
2026/5/1,31,线上举措,调度,线上举措-调度,2.2246,0.5442,3.0877
2026/8/1,31,线上举措,调度,线上举措-调度,9.3535,8.082,0.1573
2026/6/1,30,线上举措,无线下销售归属,线上举措-无线下销售归属,0.3825,0.1226,2.1199
2026/3/1,31,线上举措,调度,线上举措-调度,0.0796,0.0076,9.4737
2026/8/1,31,线上举措,无线下销售归属,线上举措-无线下销售归属,0.2319,0.4068,-0.4299
2026/1/1,31,线上线下,线上,线上线下-线上,0.0115,0.0001,114.0
2026/1/1,31,线上举措,调度,线上举措-调度,0.0038,0.0,
2026/6/1,30,线上举措,电销,线上举措-电销,2.4049,1.8127,0.3267
2026/1/1,31,线上,线上,线上-线上,0.0115,0.0001,114.0
2026/2/1,28,线上,线上,线上-线上,0.0119,0.0089,0.3371
2026/1/1,31,线上举措,电销,线上举措-电销,0.0001,0.0,
2026/8/1,31,线上举措,电销,线上举措-电销,5.4947,4.164,0.3196
2026/2/1,28,线上举措,电销,线上举措-电销,0.0,0.0001,-1.0
2026/2/1,28,线上举措,调度,线上举措-调度,0.0076,0.0023,2.3043
2026/3/1,31,线上举措,电销,线上举措-电销,0.0749,0.0,
2026/5/1,31,线上举措,电销,线上举措-电销,1.8998,0.4034,3.7095
2026/1/1,31,线上举措,无线下销售归属,线上举措-无线下销售归属,0.0044,0.0,
2026/2/1,28,线上举措,无线下销售归属,线上举措-无线下销售归属,0.0019,0.0039,-0.5128
2026/3/1,31,线上举措,无线下销售归属,线上举措-无线下销售归属,0.005,0.0019,1.6316
2026/6/1,30,举措,无线下销售归属,举措-无线下销售归属,0.3825,0.1226,2.1199
2026/5/1,31,举措,无线下销售归属,举措-无线下销售归属,0.1257,0.0441,1.8503
2026/8/1,31,举措,调度,举措-调度,9.3535,8.082,0.1573
2026/1/1,31,举措,调度,举措-调度,0.0038,0.0,
2026/3/1,31,举措,无线下销售归属,举措-无线下销售归属,0.005,0.0019,1.6316
2026/2/1,28,举措,调度,举措-调度,0.0076,0.0023,2.3043
2026/2/1,28,举措,无线下销售归属,举措-无线下销售归属,0.0019,0.0039,-0.5128
2026/2/1,28,线上线下,线上,线上线下-线上,0.0119,0.0089,0.3371
2026/5/1,31,举措,调度,举措-调度,2.2246,0.5442,3.0877
2026/3/1,31,举措,调度,举措-调度,0.0796,0.0076,9.4737
2026/5/1,31,线上举措,无线下销售归属,线上举措-无线下销售归属,0.1257,0.0441,1.8503
2026/8/1,31,举措,无线下销售归属,举措-无线下销售归属,0.2319,0.4068,-0.4299
2026/1/1,31,举措,无线下销售归属,举措-无线下销售归属,0.0044,0.0,
2026/6/1,30,线上举措,货主招募,线上举措-货主招募,0.0435,0.0257,0.6926
2026/5/1,31,线上举措,货主招募,线上举措-货主招募,0.0282,0.0,
2026/3/1,31,线上举措,货主招募,线上举措-货主招募,0.0,0.0,
2026/8/1,31,线上举措,货主招募,线上举措-货主招募,0.2195,0.2629,-0.1652
2026/2/1,28,线上举措,货主招募,线上举措-货主招募,0.0,0.0,
2026/1/1,31,线上举措,货主招募,线上举措-货主招募,0.0,0.0,
2026/7/1,31,线上,TMS,线上-TMS,8.8766,1.0776,7.2374
2026/7/1,31,线上,网货,线上-网货,6.421,10.3053,-0.3769
2026/7/1,31,线上,撮合,线上-撮合,6.774,1.352,4.0104
2026/4/1,30,举措,线下,举措-线下,47.0427,18.7878,1.5039
2026/7/1,31,线上举措,电销,线上举措-电销,4.164,2.4049,0.7315
2026/4/1,30,举措,无线下销售归属-TMS,举措-无线下销售归属-TMS,0.0003,0.0,
2026/4/1,30,举措,无线下销售归属-撮合,举措-无线下销售归属-撮合,0.0055,0.004,0.375
2026/4/1,30,举措,无线下销售归属-网货,举措-无线下销售归属-网货,0.0383,0.0008,46.875
2026/7/1,31,举措,线下-TMS,举措-线下-TMS,82.8903,10.9845,6.5461
2026/7/1,31,举措,线下-撮合,举措-线下-撮合,78.8708,26.9434,1.9273
2026/7/1,31,举措,线下-网货,举措-线下-网货,65.6581,129.0898,-0.4914
2026/4/1,30,线上线下,线上,线上线下-线上,1.765,0.3756,3.6991
2026/7/1,31,线上举措,调度,线上举措-调度,8.082,3.348,1.414
2026/4/1,30,举措,线下-TMS,举措-线下-TMS,0.0037,0.0,
2026/4/1,30,举措,线下-撮合,举措-线下-撮合,2.9149,0.9393,2.1033
2026/4/1,30,举措,线下-网货,举措-线下-网货,44.1241,17.8485,1.4721
2026/7/1,31,举措,线下,举措-线下,227.4192,167.0177,0.3616
2026/4/1,30,举措,电销,举措-电销,0.4034,0.0711,4.6737
2026/7/1,31,线上举措,货主招募-TMS,线上举措-货主招募-TMS,0.0,0.0,
2026/7/1,31,线上举措,货主招募-网货,线上举措-货主招募-网货,0.0004,0.0008,-0.5
2026/7/1,31,线上举措,货主招募-撮合,线上举措-货主招募-撮合,0.2625,0.0427,5.1468
2026/4/1,30,举措,调度,举措-调度,0.5442,0.0759,6.17
2026/7/1,31,线上,线上,线上-线上,22.0716,12.7349,0.7332
2026/4/1,30,线上举措,无线下销售归属-TMS,线上举措-无线下销售归属-TMS,0.0003,0.0,
2026/4/1,30,线上举措,无线下销售归属-撮合,线上举措-无线下销售归属-撮合,0.0055,0.004,0.375
2026/4/1,30,线上举措,无线下销售归属-网货,线上举措-无线下销售归属-网货,0.0383,0.0008,46.875
2026/7/1,31,线上举措,电销-TMS,线上举措-电销-TMS,0.9122,0.0563,15.2025
2026/7/1,31,线上举措,电销-撮合,线上举措-电销-撮合,2.0938,0.2856,6.3313
2026/7/1,31,线上举措,电销-网货,线上举措-电销-网货,1.158,2.063,-0.4387
2026/4/1,30,线上举措,投流,线上举措-投流,0.7733,0.2238,2.4553
2026/7/1,31,举措,货主招募,举措-货主招募,0.2629,0.0435,5.0429
2026/4/1,30,整体,TMS,整体-TMS,0.004,0.0,
2026/4/1,30,整体,撮合,整体-撮合,2.9204,0.9433,2.0959
2026/4/1,30,整体,网货,整体-网货,44.1624,17.8493,1.4742
2026/7/1,31,整体,整体,整体-整体,227.8754,167.474,0.3607
2026/4/1,30,线上举措,调度,线上举措-调度,0.5442,0.0759,6.17
2026/7/1,31,线上举措,无线下销售归属-撮合,线上举措-无线下销售归属-撮合,0.0045,0.0018,1.5
2026/7/1,31,线上举措,无线下销售归属-网货,线上举措-无线下销售归属-网货,0.3745,0.3806,-0.016
2026/7/1,31,线上举措,无线下销售归属-TMS,线上举措-无线下销售归属-TMS,0.0278,0.0001,277.0
2026/4/1,30,举措,无线下销售归属,举措-无线下销售归属,0.0441,0.0048,8.1875
2026/7/1,31,线上举措,投流,线上举措-投流,9.156,6.5561,0.3966
2026/4/1,30,举措,货主招募-网货,举措-货主招募-网货,0.0,0.0,
2026/4/1,30,举措,货主招募-TMS,举措-货主招募-TMS,0.0,0.0,
2026/4/1,30,举措,货主招募-撮合,举措-货主招募-撮合,0.0,0.0,
2026/7/1,31,举措,调度,举措-调度,8.082,3.348,1.414
2026/4/1,30,线上举措,电销,线上举措-电销,0.4034,0.0711,4.6737
2026/7/1,31,举措,投流-撮合,举措-投流-撮合,3.2863,0.8677,2.7873
2026/7/1,31,举措,投流-网货,举措-投流-网货,3.4597,5.3976,-0.359
2026/7/1,31,举措,投流-TMS,举措-投流-TMS,2.41,0.2909,7.2861
2026/4/1,30,线上举措,投流-TMS,线上举措-投流-TMS,0.0,0.0,
2026/4/1,30,线上举措,投流-撮合,线上举措-投流-撮合,0.0065,0.0003,20.5
2026/4/1,30,线上举措,投流-网货,线上举措-投流-网货,0.7669,0.2235,2.4311
2026/7/1,31,线上线下,线上,线上线下-线上,22.0716,12.7349,0.7332
2026/4/1,30,线上举措,货主招募-网货,线上举措-货主招募-网货,0.0,0.0,
2026/4/1,30,线上举措,货主招募-撮合,线上举措-货主招募-撮合,0.0,0.0,
2026/4/1,30,线上举措,货主招募-TMS,线上举措-货主招募-TMS,0.0,0.0,
2026/7/1,31,整体,TMS,整体-TMS,82.963,11.0104,6.535
2026/7/1,31,整体,撮合,整体-撮合,78.8798,26.9932,1.9222
2026/7/1,31,整体,网货,整体-网货,66.0326,129.4704,-0.49
2026/4/1,30,举措,投流,举措-投流,0.7733,0.2238,2.4553
2026/7/1,31,举措,无线下销售归属,举措-无线下销售归属,0.4068,0.3825,0.0635
2026/7/1,31,线上举措,调度-TMS,线上举措-调度-TMS,5.5266,0.7304,6.5671
2026/7/1,31,线上举措,调度-网货,线上举措-调度-网货,1.4285,2.4634,-0.4201
2026/7/1,31,线上举措,调度-撮合,线上举措-调度-撮合,1.127,0.1542,6.3084
2026/4/1,30,举措,调度-TMS,举措-调度-TMS,0.0021,0.0,
2026/4/1,30,举措,调度-撮合,举措-调度-撮合,0.0576,0.0012,47.0
2026/4/1,30,举措,调度-网货,举措-调度-网货,0.4845,0.0747,5.4859
2026/7/1,31,线上线下,线下,线上线下-线下,227.4192,167.0177,0.3616
2026/4/1,30,线上举措,货主招募,线上举措-货主招募,0.0,0.0,
2026/4/1,30,举措,电销-撮合,举措-电销-撮合,0.0007,0.0005,0.3
2026/4/1,30,举措,电销-TMS,举措-电销-TMS,0.0,0.0,
2026/4/1,30,举措,电销-网货,举措-电销-网货,0.4028,0.0706,4.7047
2026/7/1,31,线上举措,投流-TMS,线上举措-投流-TMS,2.41,0.2909,7.2861
2026/7/1,31,线上举措,投流-撮合,线上举措-投流-撮合,3.2863,0.8677,2.7873
2026/7/1,31,线上举措,投流-网货,线上举措-投流-网货,3.4597,5.3976,-0.359
2026/4/1,30,线上,线上,线上-线上,1.765,0.3756,3.6991
2026/4/1,30,线上,撮合,线上-撮合,0.0702,0.006,10.7
2026/4/1,30,线上,TMS,线上-TMS,0.0024,0.0,
2026/4/1,30,线上,网货,线上-网货,1.6924,0.3696,3.579
2026/7/1,31,举措,调度-TMS,举措-调度-TMS,5.5266,0.7304,6.5671
2026/7/1,31,举措,调度-网货,举措-调度-网货,1.4285,2.4634,-0.4201
2026/7/1,31,举措,调度-撮合,举措-调度-撮合,1.127,0.1542,6.3084
2026/4/1,30,整体,整体,整体-整体,47.0868,18.7926,1.5056
2026/7/1,31,举措,电销,举措-电销,4.164,2.4049,0.7315
2026/4/1,30,线上举措,调度-TMS,线上举措-调度-TMS,0.0021,0.0,
2026/4/1,30,线上举措,调度-网货,线上举措-调度-网货,0.4845,0.0747,5.4859
2026/4/1,30,线上举措,调度-撮合,线上举措-调度-撮合,0.0576,0.0012,47.0
2026/7/1,31,举措,无线下销售归属-网货,举措-无线下销售归属-网货,0.3745,0.3806,-0.016
2026/7/1,31,举措,无线下销售归属-TMS,举措-无线下销售归属-TMS,0.0278,0.0001,277.0
2026/7/1,31,举措,无线下销售归属-撮合,举措-无线下销售归属-撮合,0.0045,0.0018,1.5
2026/4/1,30,线上线下,线下,线上线下-线下,47.0427,18.7878,1.5039
2026/7/1,31,线上举措,无线下销售归属,线上举措-无线下销售归属,0.4068,0.3825,0.0635
2026/4/1,30,线上举措,电销-撮合,线上举措-电销-撮合,0.0007,0.0005,0.3
2026/4/1,30,线上举措,电销-网货,线上举措-电销-网货,0.4028,0.0706,4.7047
2026/4/1,30,线上举措,电销-TMS,线上举措-电销-TMS,0.0,0.0,
2026/7/1,31,举措,货主招募-撮合,举措-货主招募-撮合,0.2625,0.0427,5.1468
2026/7/1,31,举措,货主招募-TMS,举措-货主招募-TMS,0.0,0.0,
2026/7/1,31,举措,货主招募-网货,举措-货主招募-网货,0.0004,0.0008,-0.5
2026/4/1,30,线上举措,无线下销售归属,线上举措-无线下销售归属,0.0441,0.0048,8.1875
2026/7/1,31,线上举措,货主招募,线上举措-货主招募,0.2629,0.0435,5.0429
2026/4/1,30,举措,投流-撮合,举措-投流-撮合,0.0065,0.0003,20.5
2026/4/1,30,举措,投流-网货,举措-投流-网货,0.7669,0.2235,2.4311
2026/4/1,30,举措,投流-TMS,举措-投流-TMS,0.0,0.0,
2026/7/1,31,举措,电销-网货,举措-电销-网货,1.158,2.063,-0.4387
2026/7/1,31,举措,电销-TMS,举措-电销-TMS,0.9122,0.0563,15.2025
2026/7/1,31,举措,电销-撮合,举措-电销-撮合,2.0938,0.2856,6.3313
2026/4/1,30,举措,货主招募,举措-货主招募,0.0,0.0,
2026/7/1,31,举措,投流,举措-投流,9.156,6.5561,0.3966
2026/9/1,1,举措,投流,举措-投流,0.1952,0.3515,-0.4446
2026/9/1,1,举措,投流-TMS,举措-投流-TMS,0.0625,0.1335,-0.5317
2026/9/1,1,举措,投流-撮合,举措-投流-撮合,0.0632,0.1105,-0.4278
2026/9/1,1,举措,投流-网货,举措-投流-网货,0.0695,0.1076,-0.3538
2026/9/1,1,举措,无线下销售归属,举措-无线下销售归属,0.0007,0.0104,-0.9327
2026/9/1,1,举措,无线下销售归属-TMS,举措-无线下销售归属-TMS,0.0002,0,
2026/9/1,1,举措,无线下销售归属-撮合,举措-无线下销售归属-撮合,0.0001,0,
2026/9/1,1,举措,无线下销售归属-网货,举措-无线下销售归属-网货,0.0004,0.0104,-0.9615
2026/9/1,1,举措,电销,举措-电销,0.1512,0.157,-0.0369
2026/9/1,1,举措,电销-TMS,举措-电销-TMS,0.1121,0.0436,1.5741
2026/9/1,1,举措,电销-撮合,举措-电销-撮合,0.0094,0.0802,-0.8833
2026/9/1,1,举措,电销-网货,举措-电销-网货,0.0298,0.0333,-0.1066
2026/9/1,1,举措,线下,举措-线下,3.4966,5.252,-0.3342
2026/9/1,1,举措,线下-TMS,举措-线下-TMS,1.6271,1.8209,-0.1064
2026/9/1,1,举措,线下-撮合,举措-线下-撮合,0.6926,1.8176,-0.6189
2026/9/1,1,举措,线下-网货,举措-线下-网货,1.1769,1.6135,-0.2706
2026/9/1,1,举措,调度,举措-调度,0.2117,0.2482,-0.1469
2026/9/1,1,举措,调度-TMS,举措-调度-TMS,0.1813,0.1473,0.2305
2026/9/1,1,举措,调度-撮合,举措-调度-撮合,0.0081,0.0644,-0.8742
2026/9/1,1,举措,调度-网货,举措-调度-网货,0.0224,0.0365,-0.3868
2026/9/1,1,举措,货主招募,举措-货主招募,0.0018,0.0005,2.6
2026/9/1,1,举措,货主招募-TMS,举措-货主招募-TMS,0.0015,0,
2026/9/1,1,举措,货主招募-撮合,举措-货主招募-撮合,0.0004,0.0005,-0.3
2026/9/1,1,举措,货主招募-网货,举措-货主招募-网货,0,0,
2026/9/1,1,整体,TMS,整体-TMS,1.6281,1.8231,-0.107
2026/9/1,1,整体,撮合,整体-撮合,0.6927,1.8176,-0.6189
2026/9/1,1,整体,整体,整体-整体,3.4981,5.2646,-0.3355
2026/9/1,1,整体,网货,整体-网货,1.1773,1.6239,-0.275
2026/9/1,1,线上,TMS,线上-TMS,0.3575,0.3243,0.1024
2026/9/1,1,线上,撮合,线上-撮合,0.0811,0.2555,-0.6826
2026/9/1,1,线上,线上,线上-线上,0.5606,0.7675,-0.2696
2026/9/1,1,线上,网货,线上-网货,0.122,0.1877,-0.35
2026/9/1,1,线上举措,投流,线上举措-投流,0.1952,0.3515,-0.4446
2026/9/1,1,线上举措,投流-TMS,线上举措-投流-TMS,0.0625,0.1335,-0.5317
2026/9/1,1,线上举措,投流-撮合,线上举措-投流-撮合,0.0632,0.1105,-0.4278
2026/9/1,1,线上举措,投流-网货,线上举措-投流-网货,0.0695,0.1076,-0.3538
2026/9/1,1,线上举措,无线下销售归属,线上举措-无线下销售归属,0.0007,0.0104,-0.9327
2026/9/1,1,线上举措,无线下销售归属-TMS,线上举措-无线下销售归属-TMS,0.0002,0,
2026/9/1,1,线上举措,无线下销售归属-撮合,线上举措-无线下销售归属-撮合,0.0001,0,
2026/9/1,1,线上举措,无线下销售归属-网货,线上举措-无线下销售归属-网货,0.0004,0.0104,-0.9615
2026/9/1,1,线上举措,电销,线上举措-电销,0.1512,0.157,-0.0369
2026/9/1,1,线上举措,电销-TMS,线上举措-电销-TMS,0.1121,0.0436,1.5741
2026/9/1,1,线上举措,电销-撮合,线上举措-电销-撮合,0.0094,0.0802,-0.8833
2026/9/1,1,线上举措,电销-网货,线上举措-电销-网货,0.0298,0.0333,-0.1066
2026/9/1,1,线上举措,调度,线上举措-调度,0.2117,0.2482,-0.1469
2026/9/1,1,线上举措,调度-TMS,线上举措-调度-TMS,0.1813,0.1473,0.2305
2026/9/1,1,线上举措,调度-撮合,线上举措-调度-撮合,0.0081,0.0644,-0.8742
2026/9/1,1,线上举措,调度-网货,线上举措-调度-网货,0.0224,0.0365,-0.3868
2026/9/1,1,线上举措,货主招募,线上举措-货主招募,0.0018,0.0005,2.6
2026/9/1,1,线上举措,货主招募-TMS,线上举措-货主招募-TMS,0.0015,0,
2026/9/1,1,线上举措,货主招募-撮合,线上举措-货主招募-撮合,0.0004,0.0005,-0.3
2026/9/1,1,线上举措,货主招募-网货,线上举措-货主招募-网货,0,0,
2026/9/1,1,线上线下,线上,线上线下-线上,0.5606,0.7675,-0.2696
2026/9/1,1,线上线下,线下,线上线下-线下,3.4966,5.252,-0.3342
