2026/9/1,1,举措,投流,举措-投流,0.1952,0.3515,-0.4446
2026/9/1,1,举措,投流-TMS,举措-投流-TMS,0.0625,0.1335,-0.5317
2026/9/1,1,举措,投流-撮合,举措-投流-撮合,0.0632,0.1105,-0.4278
2026/9/1,1,举措,投流-网货,举措-投流-网货,0.0695,0.1076,-0.3538
2026/9/1,1,举措,无线下销售归属,举措-无线下销售归属,0.0007,0.0104,-0.9327
2026/9/1,1,举措,无线下销售归属-TMS,举措-无线下销售归属-TMS,0.0002,0,
2026/9/1,1,举措,无线下销售归属-撮合,举措-无线下销售归属-撮合,0.0001,0,
2026/9/1,1,举措,无线下销售归属-网货,举措-无线下销售归属-网货,0.0004,0.0104,-0.9615
2026/9/1,1,举措,电销,举措-电销,0.1512,0.157,-0.0369
2026/9/1,1,举措,电销-TMS,举措-电销-TMS,0.1121,0.0436,1.5741
2026/9/1,1,举措,电销-撮合,举措-电销-撮合,0.0094,0.0802,-0.8833
2026/9/1,1,举措,电销-网货,举措-电销-网货,0.0298,0.0333,-0.1066
2026/9/1,1,举措,线下,举措-线下,3.4966,5.252,-0.3342
2026/9/1,1,举措,线下-TMS,举措-线下-TMS,1.6271,1.8209,-0.1064
2026/9/1,1,举措,线下-撮合,举措-线下-撮合,0.6926,1.8176,-0.6189
2026/9/1,1,举措,线下-网货,举措-线下-网货,1.1769,1.6135,-0.2706
2026/9/1,1,举措,调度,举措-调度,0.2117,0.2482,-0.1469
2026/9/1,1,举措,调度-TMS,举措-调度-TMS,0.1813,0.1473,0.2305
2026/9/1,1,举措,调度-撮合,举措-调度-撮合,0.0081,0.0644,-0.8742
2026/9/1,1,举措,调度-网货,举措-调度-网货,0.0224,0.0365,-0.3868
2026/9/1,1,举措,货主招募,举措-货主招募,0.0018,0.0005,2.6
2026/9/1,1,举措,货主招募-TMS,举措-货主招募-TMS,0.0015,0,
2026/9/1,1,举措,货主招募-撮合,举措-货主招募-撮合,0.0004,0.0005,-0.3
2026/9/1,1,举措,货主招募-网货,举措-货主招募-网货,0,0,
2026/9/1,1,整体,TMS,整体-TMS,1.6281,1.8231,-0.107
2026/9/1,1,整体,撮合,整体-撮合,0.6927,1.8176,-0.6189
2026/9/1,1,整体,整体,整体-整体,3.4981,5.2646,-0.3355
2026/9/1,1,整体,网货,整体-网货,1.1773,1.6239,-0.275
2026/9/1,1,线上,TMS,线上-TMS,0.3575,0.3243,0.1024
2026/9/1,1,线上,撮合,线上-撮合,0.0811,0.2555,-0.6826
2026/9/1,1,线上,线上,线上-线上,0.5606,0.7675,-0.2696
2026/9/1,1,线上,网货,线上-网货,0.122,0.1877,-0.35
2026/9/1,1,线上举措,投流,线上举措-投流,0.1952,0.3515,-0.4446
2026/9/1,1,线上举措,投流-TMS,线上举措-投流-TMS,0.0625,0.1335,-0.5317
2026/9/1,1,线上举措,投流-撮合,线上举措-投流-撮合,0.0632,0.1105,-0.4278
2026/9/1,1,线上举措,投流-网货,线上举措-投流-网货,0.0695,0.1076,-0.3538
2026/9/1,1,线上举措,无线下销售归属,线上举措-无线下销售归属,0.0007,0.0104,-0.9327
2026/9/1,1,线上举措,无线下销售归属-TMS,线上举措-无线下销售归属-TMS,0.0002,0,
2026/9/1,1,线上举措,无线下销售归属-撮合,线上举措-无线下销售归属-撮合,0.0001,0,
2026/9/1,1,线上举措,无线下销售归属-网货,线上举措-无线下销售归属-网货,0.0004,0.0104,-0.9615
2026/9/1,1,线上举措,电销,线上举措-电销,0.1512,0.157,-0.0369
2026/9/1,1,线上举措,电销-TMS,线上举措-电销-TMS,0.1121,0.0436,1.5741
2026/9/1,1,线上举措,电销-撮合,线上举措-电销-撮合,0.0094,0.0802,-0.8833
2026/9/1,1,线上举措,电销-网货,线上举措-电销-网货,0.0298,0.0333,-0.1066
2026/9/1,1,线上举措,调度,线上举措-调度,0.2117,0.2482,-0.1469
2026/9/1,1,线上举措,调度-TMS,线上举措-调度-TMS,0.1813,0.1473,0.2305
2026/9/1,1,线上举措,调度-撮合,线上举措-调度-撮合,0.0081,0.0644,-0.8742
2026/9/1,1,线上举措,调度-网货,线上举措-调度-网货,0.0224,0.0365,-0.3868
2026/9/1,1,线上举措,货主招募,线上举措-货主招募,0.0018,0.0005,2.6
2026/9/1,1,线上举措,货主招募-TMS,线上举措-货主招募-TMS,0.0015,0,
2026/9/1,1,线上举措,货主招募-撮合,线上举措-货主招募-撮合,0.0004,0.0005,-0.3
2026/9/1,1,线上举措,货主招募-网货,线上举措-货主招募-网货,0,0,
2026/9/1,1,线上线下,线上,线上线下-线上,0.5606,0.7675,-0.2696
2026/9/1,1,线上线下,线下,线上线下-线下,3.4966,5.252,-0.3342