 平台运营-矩阵,,6月,7月,8月,9月MTD,月同期环比,M8W2,M8W3,M8W4,M8W5,M9W1,周环比,,
 履约运单量,区域地推,"1,547,391","2,058,038","1,252,952","247,070",-46%,"426,987","243,997","206,779","199,367","220,645",11%,14%,
 ,线上合计,"127,349","220,716","232,483","58,846",-35%,"76,347","46,149","42,976","37,929","50,242",32%,,
 ,营销裂变,435,2629,2195,97,-91%,1141,255,127.5,106,79,-26%,,
 ,线上投放,"65,561","91,560","79,488","15,602",-46%,"26,192","16,972","13,078","11,580","13,666",18%,,
 ,电销挖潜,"24,049","41,640","54,947","11,921",-41%,"17,851","8,297","11,969","10,213","10,414",2%,,
 ,资源转化,"33,480","80,820","93,535","30,961",-23%,"30,526","19,875","17,333","15,800","25,842",64%,,
 占比,区域地推,92.40%,90.31%,84.35%,80.76%,-2.6pp,84.83%,84.09%,82.79%,84.02%,81.45%,-2.6pp,,
 ,线上合计,7.60%,9.69%,15.65%,19.24%,+2.6pp,15.17%,15.91%,17.21%,15.98%,18.55%,+2.6pp,,
 ,营销裂变,0.03%,0.12%,0.15%,0.03%,-0.2pp,0.23%,0.09%,0.05%,0.04%,0.03%,0.0pp,,
 ,线上投放,3.91%,4.02%,5.35%,5.10%,-0.2pp,5.20%,5.85%,5.24%,4.88%,5.04%,+0.2pp,,
 ,电销挖潜,1.44%,1.83%,3.70%,3.90%,+0.2pp,3.55%,2.86%,4.79%,4.30%,3.84%,-0.5pp,,
 ,资源转化,2.00%,3.55%,6.30%,10.12%,+2.8pp,6.06%,6.85%,6.94%,6.66%,9.54%,+2.9pp,,
 ,,,,,,,,,,,,,,
 "口径修正：资源转化M9W1「新增」中，9月前已有发单的导流线索客户30家、运单14,795已从资源转化/线上合计（M9W1与9月MTD）剔除，并按「区域地推=总量−线上」加回地推；占比与环比已重算。",,,,,,,,,,,,,,
 ,,,,,,,,,,,,,,
 平台运营-矩阵,,6月,7月,8月,9月MTD,月同期环比,M8W2,M8W3,M8W4,M8W5,M9W1,周环比,,
 履约运单量,区域地推,"1,547,391","2,058,038","1,252,952","232,275",-49%,"426,987","243,997","206,779","199,367","205,850",3%,,
 ,线上合计,"127,349","220,716","232,483","73,641",-19%,"76,347","46,149","42,976","37,929","65,037",71%,,
 ,营销裂变,435,2629,2195,97,-91%,1141,255,127.5,106,79,-26%,,
 ,线上投放,"65,561","91,560","79,488","15,602",-46%,"26,192","16,972","13,078","11,580","13,666",18%,,
 ,电销挖潜,"24,049","41,640","54,947","11,921",-41%,"17,851","8,297","11,969","10,213","10,414",2%,,
 ,资源转化,"33,480","80,820","93,535","45,756",14%,"30,526","19,875","17,333","15,800","40,637",157%,,
 占比,区域地推,92.40%,90.31%,84.35%,75.93%,-7.4pp,84.83%,84.09%,82.79%,84.02%,75.99%,-8.0pp,,
 ,线上合计,7.60%,9.69%,15.65%,24.07%,+7.4pp,15.17%,15.91%,17.21%,15.98%,24.01%,+8.0pp,,