 主键,周期起始日,举措,新老货主,指标类型,指标值,上月同期指标值,较上月同期,,,,,,,,,,,,
 货主招募-新货主-注册企业数,2026/9/1,货主招募,新货主,注册企业数,1,73,-0.9863,,,,,,,,,,,,
 货主招募-新货主-认证企业数,2026/9/1,货主招募,新货主,认证企业数,1,73,-0.9863,,,,,,,,,,,,
 货主招募-新货主-发货货主数,2026/9/1,货主招募,新货主,发货货主数,1,49,-0.9796,,,,,,,,,,,,
 货主招募-新货主-成交货主数,2026/9/1,货主招募,新货主,成交货主数,1,45,-0.9778,,,,,,,,,,,,
 货主招募-新货主-成交运单量,2026/9/1,货主招募,新货主,成交运单量,0.5,307,-0.9984,,,,,,,,,,,,
 货主招募-老货主-发货货主数,2026/9/1,货主招募,老货主,发货货主数,5,4,0.25,,,,,,,,,,,,
 货主招募-老货主-成交货主数,2026/9/1,货主招募,老货主,成交货主数,5,3,0.6667,,,,,,,,,,,,
 货主招募-老货主-成交运单量,2026/9/1,货主招募,老货主,成交运单量,103,1585,-0.935,,,,,,,,,,,,
 投流-整体-注册企业数,2026/9/1,投流,整体,注册企业数,134,93,0.4409,,,,,,,,,,,,
 投流-整体-注册账号,2026/9/1,投流,整体,注册账号,10006,6890,0.4522,,,,,,,,,,,,
 投流-整体-认证企业数,2026/9/1,投流,整体,认证企业数,136,90,0.5111,,,,,,,,,,,,
 投流-新货主-发货货主数,2026/9/1,投流,新货主,发货货主数,115,69,0.6667,,,,,,,,,,,,
 投流-新货主-成交货主数,2026/9/1,投流,新货主,成交货主数,39,36,0.0833,,,,,,,,,,,,
 投流-新货主-成交运单量,2026/9/1,投流,新货主,成交运单量,512,4927.5,-0.8961,,,,,,,,,,,,
 投流-老货主-发货货主数,2026/9/1,投流,老货主,发货货主数,330,368,-0.1033,,,,,,,,,,,,
 投流-老货主-成交货主数,2026/9/1,投流,老货主,成交货主数,325,365,-0.1096,,,,,,,,,,,,
 投流-老货主-成交运单量,2026/9/1,投流,老货主,成交运单量,28750,44677.5,-0.3565,,,,,,,,,,,,
 电销-新货主-注册企业数,2026/9/1,电销,新货主,注册企业数,258,293,-0.1195,,,,,,,,,,,,
 电销-新货主-认证企业数,2026/9/1,电销,新货主,认证企业数,250,272,-0.0809,,,,,,,,,,,,
 电销-新货主-发货货主数,2026/9/1,电销,新货主,发货货主数,135,103,0.3107,,,,,,,,,,,,
 电销-新货主-成交货主数,2026/9/1,电销,新货主,成交货主数,35,43,-0.186,,,,,,,,,,,,
 电销-新货主-成交运单量,2026/9/1,电销,新货主,成交运单量,1129.5,2727.5,-0.5859,,,,,,,,,,,,
 电销-老货主-发货货主数,2026/9/1,电销,老货主,发货货主数,199,154,0.2922,,,,,,,,,,,,
 电销-老货主-成交货主数,2026/9/1,电销,老货主,成交货主数,186,159,0.1698,,,,,,,,,,,,
 电销-老货主-成交运单量,2026/9/1,电销,老货主,成交运单量,23127,27399.5,-0.1559,,,,,,,,,,,,
 调度-新货主-注册企业数,2026/9/1,调度,新货主,注册企业数,17,24,-0.2917,,,,,,,,,,,,
 调度-新货主-认证企业数,2026/9/1,调度,新货主,认证企业数,17,24,-0.2917,,,,,,,,,,,,
 调度-新货主-发货货主数,2026/9/1,调度,新货主,发货货主数,22,21,0.0476,,,,,,,,,,,,
 调度-新货主-成交货主数,2026/9/1,调度,新货主,成交货主数,20,17,0.1765,,,,,,,,,,,,
 调度-新货主-成交运单量,2026/9/1,调度,新货主,成交运单量,4480,3436,0.3038,,,,,,,,,,,,
 调度-老货主-发货货主数,2026/9/1,调度,老货主,发货货主数,157,169,-0.071,,,,,,,,,,,,
 调度-老货主-成交货主数,2026/9/1,调度,老货主,成交货主数,157,161,-0.0248,,,,,,,,,,,,
 调度-老货主-成交运单量,2026/9/1,调度,老货主,成交运单量,55205,56647,-0.0255,,,,,,,,,,,,
 线下-新货主-注册企业数,2026/9/1,线下,新货主,注册企业数,360,435,-0.1724,,,,,,,,,,,,
 线下-新货主-认证企业数,2026/9/1,线下,新货主,认证企业数,363,436,-0.1674,,,,,,,,,,,,
 线下-新货主-发货货主数,2026/9/1,线下,新货主,发货货主数,536,521,0.0288,,,,,,,,,,,,
 线下-新货主-成交货主数,2026/9/1,线下,新货主,成交货主数,307,376,-0.1835,,,,,,,,,,,,
 线下-新货主-成交运单量,2026/9/1,线下,新货主,成交运单量,16366,42479,-0.6147,,,,,,,,,,,,
 线下-老货主-认证企业数,2026/9/1,线下,老货主,认证企业数,9,4,1.25,,,,,,,,,,,,
 线下-老货主-发货货主数,2026/9/1,线下,老货主,发货货主数,4362,5014,-0.13,,,,,,,,,,,,
 线下-老货主-成交货主数,2026/9/1,线下,老货主,成交货主数,4246,5158,-0.1768,,,,,,,,,,,,
 线下-老货主-成交运单量,2026/9/1,线下,老货主,成交运单量,556938,869193,-0.3592,,,,,,,,,,,,
 无线下销售归属-新货主-注册企业数,2026/9/1,无线下销售归属,新货主,注册企业数,9,27,-0.6667,,,,,,,,,,,,
 无线下销售归属-新货主-认证企业数,2026/9/1,无线下销售归属,新货主,认证企业数,9,25,-0.64,,,,,,,,,,,,
 无线下销售归属-新货主-发货货主数,2026/9/1,无线下销售归属,新货主,发货货主数,14,30,-0.5333,,,,,,,,,,,,
 无线下销售归属-新货主-成交货主数,2026/9/1,无线下销售归属,新货主,成交货主数,4,7,-0.4286,,,,,,,,,,,,
 无线下销售归属-新货主-成交运单量,2026/9/1,无线下销售归属,新货主,成交运单量,7,143,-0.951,,,,,,,,,,,,
 无线下销售归属-老货主-发货货主数,2026/9/1,无线下销售归属,老货主,发货货主数,20,20,0,,,,,,,,,,,,
 无线下销售归属-老货主-成交货主数,2026/9/1,无线下销售归属,老货主,成交货主数,21,14,0.5,,,,,,,,,,,,
 无线下销售归属-老货主-成交运单量,2026/9/1,无线下销售归属,老货主,成交运单量,277,161,0.7205,,,,,,,,,,,,
 ,,,,,,,,,,,,,,,,,,,
 ,,,,,,,,,,,,,,,,,,,
 ,,,,,,,,,,,,,,,,,,,
 ,,,,,,,,,,,,,,,,,,,
 ,,,,,,,,,,,,,,,,,,,
 ,,,,,,,,,,,,,,,,,,,
 ,,,,,,,,,,,,,,,,,,,
 ,,,,,,,,,,,,,,,,,,,
 ,,,,,,,,,,,,,,,,,,,
 ,,,,,,,,,,,,,,,,,,,
 ,,,,,,,,,,,,,,,,,,,
 ,,,,,,,,,,,,,,,,,,,
 ,,,,,,,,,,,,,,,,,,,
 ,,,,,,,,,,,,,,,,,,,
 ,,,,,,,,,,,,,,,,,,,
 ,,,,,,,,,,,,,,,,,,,
 ,,,,,,,,,,,,,,,,,,,
 ,,,,,,,,,,,,,,,,,,,
 ,,,,,,,,,,,,,,,,,,,
 ,,,,,,,,,,,,,,,,,,,
 ,,,,,,,,,,,,,,,,,,,
 ,,,,,,,,,,,,,,,,,,,
 ,,,,,,,,,,,,,,,,,,,
 ,,,,,,,,,,,,,,,,,,,
 ,,,,,,,,,,,,,,,,,,,
 ,,,,,,,,,,,,,,,,,,,
 ,,,,,,,,,,,,,,,,,,,
 ,,,,,,,,,,,,,,,,,,,
 ,,,,,,,,,,,,,,,,,,,