 ,"KPI
 ",,6月,,,,,,,,,,,,,,,,,,,
 ,,,目标,实际达成,完成率,M6W1,M6W2,M6W4,周环比,,,,,,,,,,,,,
 ,线上合计发货货主数,,"2,300","1,071",46.57%,539,577,503,-3.38%,,,,,,,,,,,,,
 ,线上合计成交运单数,,"150,000","91,149",60.77%,"21,723","24,603","16,869",19.17%,,,,,,,,,,,,,
 ,开票-网货运单,,/,"68,610",/,"16,816","20,010","12,790",-9.58%,,,,,,,,,,,,,
 ,撮合不开票运单,,/,"10,181",/,"3,708","3,252",824,243.93%,,,,,,,,,,,,,
 ,TMS运单,,/,"12,358",/,"1,199","1,341","3,255",75.24%,,,,,,,,,,,,,
 ,开票-网货运单占比,,/,75%,/,77.40%,81.30%,75.80%,-18.29pp,,,,,,,,,,,,,
 ,撮合不开票运单占比,,/,11%,/,17.10%,13.20%,4.90%,9.21pp,,,,,,,,,,,,,
 ,TMS运单占比,,/,14%,/,5.50%,5.50%,19.30%,9.08pp,,,,,,,,,,,,,
 ,线上成交运单数%,,5.00%,5.14%,+0.1pp,5.23%,5.56%,4.89%,-0.08pp,,,,,,,,,,,,,
 ,"
1.本周平台贡献运单 19,908 单（周环比 -9%），总单量占比 5.87%（周度 +0.6pp）。 投流、调度是本周降幅主力（投流 -1,468 单、调度 -894 单），货主招募规模仍小但环比波动极大，电销触达小幅回升。
a.货主招募：本周 557 单（绝对增加 553 单），M6W5 基数仅 4 单导致环比参考性较低，；
b.调度导流：本周 5,646 单（周环比 -14%，绝对减少 894 单），其中TMS 下滑（-991，降幅贡献 91%），
c.投流：本周 10,057 单（周环比 -13%，绝对减少 1,468 单），其中网货 下滑（-1,149，占 78%），
d.电销触达：本周 2,782 单（周环比 +4%，绝对增加 117 单），整体小幅企稳，其中撮合 拉升（+355），网货 回落（-311），制约涨幅",,,,,,,月同比,,,,,,,,,,,,,,
 ,平台运营-矩阵,,5月,6月,7月,8月,9月,月同比,M8W3,M8W4,M8W5,M9W1,M9w2,周环比,8月MTD,,,,,,,
 整体-整体,履约运单量,区域地推,,"1,547,391","2,058,038","1,252,952","460,647",-40%,"243,997","206,779","199,367","220,645","213,426",-3%,770393,-0.009583332,,,,,,
 整体-线上,,线上合计,"77,746","127,349","220,716","232,483","113,729",-21%,"46,149","42,976","37,929","50,242","54,865",9%,143109,,,,,,,
 线上举措-货主招募,,营销裂变,282,435,2629,2195,104,-95%,255,127.5,106,78.5,7,-91%,1892,,,,,,,
 线上举措-投流,,线上投放,34964,"65,561","91,560","79,488","29,261",-41%,"16,972","13,078","11,580","13,666","13,651",0%,49605,,,,,,,
 线上举措-电销,,电销挖潜,18998,"24,049","41,640","54,947","24,217",-20%,"8,297","11,969","10,213","10,414","12,312",18%,30102,,,,,,,
 线上举措-调度,,资源转化,22246,"33,480","80,820","93,535","59,684",-1%,"19,875","17,333","15,800","25,842","28,733",11%,60083,,,,,,,
 ,占比,区域地推,,92.40%,90.31%,84.35%,80.20%,-4.1pp,84.09%,82.79%,84.02%,80.38%,79.55%,-1%,84.33%,,,,,,,
 整体-整体,,线上合计,6.94%,7.60%,9.69%,15.65%,19.80%,+4.1pp,15.91%,17.21%,15.98%,19.62%,20.45%,+0.8pp,15.67%,,,,,,,
 整体-整体,,营销裂变,0.03%,0.03%,0.12%,0.15%,0.02%,-0.2pp,0.09%,0.05%,0.04%,0.03%,0.00%,0.0pp,0.21%,,,,,,,
 整体-整体,,线上投放,3.12%,3.91%,4.02%,5.35%,5.09%,-0.3pp,5.85%,5.24%,4.88%,5.34%,5.09%,-0.3pp,5.43%,,,,,,,
 整体-整体,,电销挖潜,1.69%,1.44%,1.83%,3.70%,4.22%,+0.9pp,2.86%,4.79%,4.30%,4.07%,4.59%,+0.5pp,3.30%,,,,,,,
 整体-整体,,资源转化,1.98%,2.00%,3.55%,6.30%,10.39%,+3.8pp,6.85%,6.94%,6.66%,10.09%,10.71%,+0.6pp,6.58%,,,,,,,
 ,,,,,,,,,,,,,,,,,,,,,,
 ,举措,,运单类型,2026/6/17,2026/6/24,2026/7/1,2026/7/8,2026/7/15,2026/7/22,波动贡献占比,,0.129032258,,,,,,,,,,
 ,电销,,,"3,629","4,218","5,044","7,900","10,331",267752,,,0.029126665,,,,,,,,,,
 ,,,TMS,15,47,120,297,325,268291,104%,,,,,,,,,,,,
 ,,,撮合,275,1387,2472,5128,7474,12312,2%,,,,,,,,,,,,
 ,,,网货,"3,339","2,784","2,452","2,475","2,532",9275,3%,,,,,,,,,,,,
 ,调度,,,"6,004","5,572","5,744","6,979","12,877",54865,,,,,,,,,,,,,
 ,,,TMS,"3,077","3,415","3,708","5,358","9,860",133114,293.5%,,,,,,,,,,,,
 ,,,撮合,54.5,66.5,42.5,83,1040,76,-2.3%,,,,,,,,,,,,
 ,,,网货,"2,873","2,090","1,993","1,539","1,977",0,-4.7%,,,,,,,,,,,,
 ,货主招募,,,101,4,556,597,1062.5,28733,,,,,,,,,,,,,
 ,,,TMS,0,0,0,0,0,7,0.000252982,,,,,,,,,,,,
 ,,,撮合,100,4,556,595,1062.5,10136,33%,,,,,,,,,,,,
 ,,,网货,1,0,0,2,0,2571,9%,,,,,,,,,,,,
 ,投流,,,"11,810","15,642","12,875","18,466","26,535",5221,,,,,,,,,,,,,
 ,,,TMS,237.5,2324,1294,4518.5,8868,13651,-22%,,,,,,,,,,,,
 ,,,撮合,"1,367","3,410","3,155","6,066","10,012",1,47%,,,,,,,,,,,,
 ,,,网货,"10,206","9,909","8,426","7,882","7,655",23426,-74%,,,,,,,,,,,,
 ,,,,,,,,,,,,,,,,,,,,,,
 ,,,,,,,,,,,,,,,,,,,,,,
 ,,,,,,,,,,,,,,,,,,,,,,
 ,,,,,,,,,,,,,,,,,,,,,,
 ,7 月前 7 天线上 KPI 整体落后进度；M7W1 运单和货主双降；结构上「网货、TMS 缩量、撮合放量」，TMS与月度目标结构倾向反向。,,,,0.129032258,,,,,,,,,,,,,,,,,
 ,"KPI概览
 （时间进度:50%）",9月(时间进度50%）,,,,,周度,,,,,,,,,,,,,,,
 ,,9月实际值,9月目标,实际达成,完成率,同比,8月同期,M9W1,M9W2,M9W2,周环比,,,,,,,,,,,
 ,线上合计发货货主数,"1,145","2,058",723,35.13%,9.9%,658,561,634,622,-1.89%,50.00%,,,,,,,,,,
 ,线上合计成交运单数,"232,483","471,495","113,729",24.12%,-20.5%,"143,109","37,929","65,037","54,865",-15.64%,,,,,,,,,,,
 ,开票-网货运单,"45,291","89,584 ","20,688",23.09%,-18.4%,"25,361","9,237","9,188","10,136",10.32%,,,,,,,,,,,
 ,撮合不开票运单,"60,379","150,878 ","16,575",10.99%,-65.2%,"47,640","5,180","8,300",6806,-18.00%,,,,,,,,,,,
 ,TMS运单,"126,813","231,033 ","76,466",33.10%,9.1%,"70,108","23,512","47,549","37,923",-20.24%,,,,,,,,,,,
 ,开票-网货运单占比,19.48%,19%,18%,/,+0.5pp,17.72%,24.35%,14.13%,18%,+4.3pp,,,,,,,,,,,
 ,撮合不开票运单占比,25.97%,32%,15%,/,-18.7pp,33.29%,13.66%,12.76%,12%,-0.4pp,,,,,,,,,,,
 ,TMS运单占比,54.55%,49%,67%,/,+18.2pp,48.99%,61.99%,73.11%,69%,-4.0pp,,,,,,,,,,,
 ,线上成交运单数%,15.65%,8.50%,19.80%,232.95%,+4.1pp,15.67%,15.98%,24.01%,20.45%,-3.6pp,,,,,,,,,,,
 ,,,,,,,,,,,,,,,,,,,,,,
 ,,,,,,,,,,,,,,,,,,,,,,
 ,,,,,,,,,,,,,,,,,,,,,,
 ,,,,,,,,,,,,,,,,,,,,,,
 ,,,,,,,,,,,,,,,,,,,,,,
 ,"KPI举措
  （时间进度:50%）",9月 （时间进度:50%）,,,,,周度,,,,,,,,,,,,,,,
 ,,目标,实际达成,完成率,8月同期,同比,M8W5,M91,M9W2,趋势,,,,,,,,,,,,
 线上举措-货主招募,裂变 招募,5.62,0.01,0.2%,0.19,-94.5%,0.01,0.01,0.00,-91.1%,,,,,,,,,,,,
 线上举措-货主招募-TMS,TMS运单,2.76,0.01,0.2%,0.00,358.6%,0.01,0.01,0.00,-100.0%,,,,,,,,,,,,
 线上举措-货主招募-撮合,撮合不开票运单,1.80,0.00,0.2%,0.19,-98.1%,0.00,0.00,0.00,-76.5%,,,,,,,,,,,,
 线上举措-货主招募-网货,开票-网货运单,1.07,0.00,0.0%,0.00,0.0%,0.00,0.00,0.00,0.0%,,,,,,,,,,,,
 线上举措-电销,电销触达,7.81,2.42,31.0%,3.01,-19.6%,1.02,1.04,1.23,18.2%,,,,,,,,,,,,
 线上举措-电销-TMS,TMS运单,3.83,1.79,46.9%,1.19,-,0.73,0.75,0.93,23.6%,,,,,,,,,,,,
 线上举措-电销-撮合,撮合不开票运单,2.50,0.15,6.2%,1.34,-88.5%,0.06,0.07,0.07,-2.5%,,,,,,,,,,,,
 线上举措-电销-网货,开票-网货运单,1.48,0.47,31.8%,0.48,-1.4%,0.23,0.22,0.23,6.7%,,,,,,,,,,,,
 线上举措-投流," 端外线上流量转化
",21.54,2.93,13.6%,4.96,-41.0%,1.16,1.37,1.37,-0.1%,,,,,,,,,,,,
 线上举措-投流-TMS,TMS运单,10.55,1.07,10.2%,1.58,-32.3%,0.27,0.49,0.52,6.9%,,,,,,,,,,,,
 线上举措-投流-撮合,撮合不开票运单,6.89,0.80,11.6%,2.12,-62.4%,0.41,0.41,0.33,-20.5%,,,,,,,,,,,,
 线上举措-投流-网货,开票-网货运单,4.09,1.05,25.8%,1.25,-15.8%,0.48,0.47,0.52,10.5%,,,,,,,,,,,,
 线上举措-调度,调度,12.18,5.97,49.0%,6.01,-0.7%,1.58,4.06,2.87,-29.3%,,,,,,,,,,,,
 线上举措-调度-TMS,TMS运单,5.97,4.77,80.0%,4.23,12.8%,1.35,3.51,2.34,-33.3%,,,,,,,,,,,,
 线上举措-调度-撮合,撮合不开票运单,3.90,0.68,17.4%,1.09,-37.8%,0.05,0.33,0.27,-16.6%,,,,,,,,,,,,
 线上举措-调度-网货,开票-网货运单,2.31,0.52,22.4%,0.69,-24.4%,0.19,0.23,0.26,13.8%,,,,,,,,,,,,
 ,,,,,,,,,,,,,,,,,,,,,,
 ,7、司机 - 目标达成路径,,7月目标,7月实际,,,,,,,,,,,,,,,,,,
 ,未转化线索司机数-累计（万）,,197 ,,,,,,,,,,,,,,,,,,,
 ,注册司机数-累计,,152 ,141 ,,,,,,,,,,,,,,,,,,
 ,注册司机数-新增（万）,,17 ,4 ,,,,,,,,,,,,,,,,,,
 ,三证认证司机数-累计,,122 ,120 ,,,,,,,,,,,,,,,,,,
 ,三证认证司机数-新增（万）,,12 ,4 ,,,,,,,,,,,,,,,,,,
 ,五证认证司机数-累计,,119 ,117 ,,,,,,,,,,,,,,,,,,
 ,五证认证司机数-新增（万）,,12 ,4 ,,,,,,,,,,,,,,,,,,
 ,接单司机数（万人）,,49 ,12 ,,,,,,,,,,,,,,,,,,
 ,履约司机数（万人）,,48 ,12 ,,,,,,,,,,,,,,,,,,
 ,--线索转注册率,,0%,,,,,,,,,,,,,,,,,,,
 ,--注册转三证认证率,,80%,85%,,,,,,,,,,,,,,,,,,
 ,--注册转五证认证率,,78%,83%,,,,,,,,,,,,,,,,,,
 ,--认证转接单率,,40%,10%,,,,,,,,,,,,,,,,,,
 ,--接单履约率,,1 ,1.00 ,,,,,,,,,,,,,,,,,,
 ,--单司机月接单运单数,,7,2.83,,,,,,,,,,,,,,,,,,
 ,,,,,,,,,,,,,,,,,,,,,,
 ,,,,,,,,,,,,,,,,,,,,,,
 ,,,,,,,,,,,,,,,,,,,,,,
 ,转化数据,,,,9月(时间进度26.67%）,,,,周度,,,分析结论,,,,,,,,,,
 ,,,,,9月目标值,9月实际,同比,目标完成度,M9W2,M9W2,周环比,"1. vs时间进度45.16%
· 运单量：落后36.8pp（缺口0.507万单，完成8.4%），订单全部来自存量客户。
· 老(留存)：超前36.9pp（超前0.052万单，完成82.1%）
· 新(新增)：落后45.2pp（缺口0.560万单，完成0.0%）
观察：撮合为唯一有量类型；TMS/网货基本未贡献。",,,,,,,,,,
 ,0 ,,①裂变 招募,①裂变 招募,5.62 ,0.01035,-94.5%,0.2%,0.008,0.0007,,,,,,,,,,,,
 ,0 ,,①裂变 招募留存,留存,3.1 ,0.0103,-93.5%,0.3%,0.008,0.00065,,,,,,,,,,,,
 ,货主招募-老货主-发货货主数,,①裂变 招募留存发货货主数,发货货主数,90 ,5,0.25,,4,2,-50%,,,,,,,,,,,
 ,货主招募-老货主-成交货主数,,①裂变 招募留存成交货主数,成交货主数,78 ,5,0.6667,,4,2,-50%,,,,,,,,,,,
 ,货主招募-老货主-成交运单量,,①裂变 招募留存成交运单数,成交运单数,3.1 ,0.0103,-0.935,,0.008,0.00065,-92%,,,,,,,,,,,
 ,,,①裂变 招募留存--货主成交率,--货主成交率,86%,1,0.333333333,,100%,1,0%,,,,,,,,,,,
 ,,,①裂变 招募留存--单货主成交运单数,--单货主成交运单数,402 ,21 ,-0.961009464,,19.6,3.25,-83%,,,,,,,,,,,
 ,0 ,,①裂变 招募新增,新增,2.50 ,0.00005,-99.8%,0.0%,0,0.00005,,,,,,,,,,,,
 ,货主招募-新货主-注册企业数,,①裂变 招募新增注册货主数（家）,注册货主数,357 ,1,-0.9863,,0,1,,,,,,,,,,,,
 ,货主招募-新货主-认证企业数,,①裂变 招募成交运单数（万单）认证货主数（家）,认证货主数,178 ,1,-0.9863,,0,1,,,,,,,,,,,,
 ,货主招募-新货主-发货货主数,,①裂变 招募成交GTV（万元）新增转介绍 发货货主数（家）,新增转介绍 发货货主数（家）,161 ,1,-0.9796,,0,1,,,,,,,,,,,,
 ,货主招募-新货主-成交货主数,,①裂变 招募注册货主数（家）成交货主数,成交货主数,161 ,1,-0.9778,,0,1,,,,,,,,,,,,
 ,货主招募-新货主-成交运单量,,①裂变 招募认证货主数（家）成交运单数（万单）,成交运单数（万单）,2.50 ,0.00005,-0.9984,,0,0.00005,,,,,,,,,,,,
 ,0,,①裂变 招募--转介绍 成 注册货主 转化率--货主成交率,--货主成交率,100%,1,0.088888889,,—,1,,,,,,,,,,,,
 ,货主招募-新货主-单货主成交运单量,,①裂变 招募--注册 转 认证 转化率--单货主成交运单数,--单货主成交运单数,156 ,1 ,-0.926710098,,—,0.5,,,,,,,,,,,,
 ,0 ,,②电销触达（万单）,②电销触达（万单）,7.81 ,2.4257,-19.5%,31.1%,1.043,1.23275,,,,,,,,,,,,
 ,0 ,,②电销触达（万单）留存,留存,5.45 ,2.3127,-15.6%,42.4%,1.023,1.1908,,,,,,,,,,,,
 ,电销-老货主-发货货主数,,②电销触达（万单）留存发货货主数,发货货主数,172 ,199,0.2922,,156,191,22%,,,,,,,,,,,
 ,电销-老货主-成交货主数,,②电销触达（万单）留存成交货主数,成交货主数,168 ,186,0.1698,,165,170,3%,,,,,,,,,,,
 ,电销-老货主-成交运单量,,②电销触达（万单）留存成交运单数（万单）,成交运单数（万单）,5 ,2.3127,-0.1559,,1.023,1.1908,16%,,,,,,,,,,,
 ,0.0 ,,②电销触达（万单）留存--货主成交率,--货主成交率,98%,0.934673367,-9%,,106%,89%,-16%,,,,,,,,,,,
 ,电销-老货主-单货主成交运单量,,②电销触达（万单）留存--单货主成交运单数,--单货主成交运单数,324 ,124.3387097,0,,62,70,13%,,,,,,,,,,,
 ,#N/A,,②电销触达（万单）新增,新增,2.36 ,0.11295,-58.6%,4.8%,0.021,0.04195,,,,,,,,,,,,
 ,电销-新货主-注册企业数,,②电销触达（万单）新增注册货主数（家）,注册货主数（家）,564 ,258,-0.1195,,92,115,25%,,,,,,,,,,,
 ,电销-新货主-认证企业数,,②电销触达（万单）新增认证货主数（家）,认证货主数（家）,282 ,250,-0.0809,,90,114,27%,,,,,,,,,,,
 ,电销-新货主-发货货主数,,②电销触达（万单）新增新增 发货货主数（家）,新增 发货货主数（家）,254 ,135,0.3107,,58,66,14%,,,,,,,,,,,
 ,电销-新货主-成交货主数,,②电销触达（万单）新增成交货主数,成交货主数,130 ,35,-0.186,,12,14,17%,,,,,,,,,,,
 ,电销-新货主-成交运单量,,②电销触达（万单）新增成交运单量（万单）,成交运单量（万单）,2.36 ,0.11295,-0.5859,,0.021,0.04195,100%,,,,,,,,,,,
 ,0,,②电销触达（万单）新增--注册 转 认证 转化率,--注册 转 认证 转化率,50%,97%,0.04380415,,98%,0.991304348,1%,,,,,,,,,,,
 ,0,,②电销触达（万单）新增--认证 转 发货 转化率,--认证 转 发货 转化率,90%,54%,0.426019417,,64%,0.578947368,-10%,,,,,,,,,,,
 ,0,,②电销触达（万单）新增--货主成交率,--货主成交率,51%,26%,-38%,,21%,21%,1%,,,,,,,,,,,
 ,电销-新货主-单货主成交运单量,,②电销触达（万单）新增--单货主成交运单数,--单货主成交运单数,182 ,32 ,0,,17,30,76%,,,,,,,,,,,
 ,0 ,,③ 端外线上流量转化（万单）,③ 端外线上流量转化（万单）,21.54 ,2.9262,-41.0%,13.6%,1.367,1.3652,,,,,,,,,,,,
 ,0 ,,③ 端外线上流量转化（万单）留存,留存,16.19 ,2.875,-35.7%,17.8%,1.351,1.3576,,,,,,,,,,,,
 ,投流-老货主-发货货主数,,③ 端外线上流量转化（万单）留存发货货主数,发货货主数,790 ,330,-0.1033,,278,311,12%,,,,,,,,,,,
 ,投流-老货主-成交货主数,,③ 端外线上流量转化（万单）留存成交货主数,成交货主数,774 ,325,-0.1096,,293,303,3%,,,,,,,,,,,
 ,投流-老货主-成交运单量,,③ 端外线上流量转化（万单）留存成交运单数（万单）,成交运单数（万单）,16.19 ,2.875,-0.3565,,1.351,1.3576,0%,,,,,,,,,,,
 ,0.0 ,,③ 端外线上流量转化（万单）留存--货主成交率,--货主成交率,98%,0.984848485,-0.00705687,,105%,0.974276527,-7%,,,,,,,,,,,
 ,投流-老货主-单货主成交运单量,,③ 端外线上流量转化（万单）留存--单货主成交运单数,--单货主成交运单数,209 ,88.46153846,0,,46,45,-3%,,,,,,,,,,,
 ,0 ,,③ 端外线上流量转化（万单）新增,新增,5.35 ,0.0512,-89.6%,1.0%,0.016,0.0076,,,,,,,,,,,,
 ,0 ,,③ 端外线上流量转化（万单）新增曝光量（次）,曝光量（次）,"44,883 ","7,899,769 ",,,6899658,6899658,0%,,,,,,,,,,,
 ,0 ,,③ 端外线上流量转化（万单）新增点击量（次）,点击量（次）,898 ,"281,054 ",,,258884,258884,0%,,,,,,,,,,,
 投流-整体-注册企业数,投流-整体-注册账号,,③ 端外线上流量转化（万单）新增注册货主数（账号）,注册货主数（账号）,"25,680 ",10006,0.4522,,"3,194",6234,95%,,,,,,,,,,,
 投流-整体-注册账号,投流-整体-注册企业数,,③ 端外线上流量转化（万单）新增注册货主数（家）,注册货主数（家）,718 ,134,0.4409,,53,64,21%,,,,,,,,,,,
 投流-整体-认证企业数,投流-整体-认证企业数,,③ 端外线上流量转化（万单）新增认证货主数（家）,认证货主数（家）,359 ,136,0.5111,,55,64,16%,,,,,,,,,,,
 ,投流-新货主-发货货主数,,③ 端外线上流量转化（万单）新增新增 发货货主数（家）,新增 发货货主数（家）,323 ,115,0.6667,,49,62,27%,,,,,,,,,,,
 ,投流-新货主-成交货主数,,③ 端外线上流量转化（万单）新增成交货主数,成交货主数,194 ,39,0.0833,,15,17,13%,,,,,,,,,,,
 ,投流-新货主-成交运单量,,③ 端外线上流量转化（万单）新增成交运单数（万单）,成交运单数（万单）,5.35 ,0.051,-0.8961,,0.016,0.0076,-53%,,,,,,,,,,,
 ,0 ,,③ 端外线上流量转化（万单）新增--点击率,--点击率,2%,4%,,,0.03752128,0.03752128,0%,,,,,,,,,,,
 ,0 ,,③ 端外线上流量转化（万单）新增--点击 转 注册率,--点击 转 注册率,80%,0%,,,0.000204725,0.000247215,21%,,,,,,,,,,,
 ,0 ,,③ 端外线上流量转化（万单）新增--注册 转 认证 转化率,--注册 转 认证 转化率,50%,101%,0.048756219,,104%,1,-4%,,,,,,,,,,,
 ,0 ,,③ 端外线上流量转化（万单）新增--认证 转 发货 转化率,--认证 转 发货 转化率,90%,85%,0.102941176,,89%,0.96875,9%,,,,,,,,,,,
 ,0 ,,③ 端外线上流量转化（万单）新增--货主成交率,--货主成交率,60%,34%,-0.35,,31%,0.274193548,-12%,,,,,,,,,,,
 ,投流-新货主-单货主成交运单量,,③ 端外线上流量转化（万单）新增--单货主成交运单数,--单货主成交运单数,276 ,13 ,-1,,10,4,-55%,,,,,,,,,,,
 ,0 ,,④调度触达（万单）,④调度触达（万单）,12.18 ,5.9685,-0.7%,49.0%,4.064,2.87335,,,,,,,,,,,,
 ,,,④调度触达（万单）1-撮合调度,1-撮合,3.90 ,1 ,-37.8%,17.4%,0.328,0.27355,-17%,,,,,,,,,,,
 ,调度-撮合-三方调度注册用户量,,④调度触达（万单）1-撮合调度注册三方调度人数,注册三方调度人数,"1,299",191 ,0.1302,,180,191,6%,,,,,,,,,,,
 ,调度-撮合-三方调度认证注册量,,④调度触达（万单）1-撮合调度认证三方调度人数,认证三方调度人数,"1,039",191 ,0.1302,,180,191,6%,,,,,,,,,,,
 ,调度-撮合-产生调度的用户量,,④调度触达（万单）1-撮合调度三方调度人数,三方调度人数,520,12 ,0,,7,10,43%,,,,,,,,,,,
 ,调度-撮合-成交运单量,,④调度触达（万单）1-撮合调度成交运单量（万单）,成交运单量（万单）,3.90 ,1 ,-0.3784,,0.328,0.27355,-17%,,,,,,,,,,,
 ,,,④调度触达（万单）1-撮合调度--调度人效,--调度人效,75,565 ,,,469,274,-42%,,,,,,,,,,,
 ,,,④调度触达（万单）1-撮合调度--认证转化率,--认证转化率,50%,0 ,,,4%,5%,31%,,,,,,,,,,,
 ,,,④调度触达（万单）1-撮合调度--注册转认证率,--注册转认证率,80%,1,0,,100%,100%,0%,,,,,,,,,,,
 ,,,④调度触达（万单）2-TMS,2-TMS,5.97,4.772,12.8%,80.0%,3.51,2.3426,,,,,,,,,,,,
 ,调度-TMS-创建运单货主数,,④调度触达（万单）2-TMS创建运单（计划单）货主数,创建运单（计划单）货主数,284,92,-0.1321,,110,78,-29%,,,,,,,,,,,
 ,调度-TMS-成交货主数,,④调度触达（万单）2-TMS成交货主数,成交货主数,264,95,0.0795,,111,82,-26%,,,,,,,,,,,
 ,调度-TMS-成交运单量,,④调度触达（万单）2-TMS成交运单量（万单）,成交运单量（万单）,5.97,4.772,0.1277,,3.51,2.3426,-33%,,,,,,,,,,,
 ,,,④调度触达（万单）2-TMS--成交/创建,--成交/创建,93%,1.032608696,0.243824111,,101%,1.051282051,4%,,,,,,,,,,,
 ,,,④调度触达（万单）2-TMS--单货主成交运单数,--单货主成交运单数,226,502.3157895,0,,316,286,-10%,,,,,,,,,,,
 ,,,④调度触达（万单）3-网货,3-网货,2.31,0.5186,-24.4%,22.4%,0.226,0.2572,14%,,,,,,,,,,,
 ,调度-网货-注册企业数,,④调度触达（万单）3-网货注册货主数（家）,注册货主数（家）,274,18,-0.25,,10,5,-50%,,,,,,,,,,,
 ,调度-网货-认证企业数,,④调度触达（万单）3-网货认证货主数（家）,认证货主数（家）,137,18,-0.28,,10,5,-50%,,,,,,,,,,,
 ,调度-网货-发货货主数,,④调度触达（万单）3-网货发货货主数（家）,发货货主数（家）,123,179,-0.0579,,182,156,-14%,,,,,,,,,,,
 ,调度-网货-成交货主数,,④调度触达（万单）3-网货成交货主数,成交货主数,102,66,-0.1316,,57,64,12%,,,,,,,,,,,
 ,调度-网货-成交运单量,,④调度触达（万单）3-网货成交运单数（万单）,成交运单数（万单）,2.31,0.5186,-0.244,,0.226,0.2572,14%,,,,,,,,,,,
 ,,,④调度触达（万单）3-网货--注册 转 认证 转化率,--注册 转 认证 转化率,50%,1,-0.04,,100%,1,0%,,,,,,,,,,,
 ,,,④调度触达（万单）3-网货--认证 转 发货 转化率,--认证 转 发货 转化率,90%,9.944444444,0.308479532,,—,31.2,#VALUE!,,,,,,,,,,,
 ,,,④调度触达（万单）3-网货--货主成交率,--货主成交率,83%,0.368715084,-0.078212291,,31%,0.41025641,32%,,,,,,,,,,,
 ,,,④调度触达（万单）3-网货--单货主成交运单数,--单货主成交运单数,226,78.57575758,0,,40,40,0%,,,,,,,,,,,
 ,,,,,,,,,,,,,,,,,,,,,,
 ,,,,,,,,,,,,,,,,,,,,,,
 ,,,,,,,,,,,,,,,,,,,,,,
 ,司机,,,,,,,,,,,,,,,,,,,,,
 ,指标/月份,,9月目标,9月实际达成值,8MW4,8MW5,9MW1,本周进展,下周规划,,,,,,,,,,,,,
 ,O注册司机数,,,,,,,"累计注册司机161.7w,达成进度86%",,,,,,,,,,,,,,
 ,注册司机数-累计,,190,163.7,160,161.7,163.7,,,,,,,,,,,,,,,
 ,注册司机数-新增（万）,,20,-26.3,1.8,1.7,2,,,,,,,,,,,,,,,
 ,动作及预估收益,,,,,,,,,,,,,,,,,,,,,
 ,新网线索转化,,,,,,,,,,,,,,,,,,,,,
 ,注册（万）,,1.9,0.535,0.4114,0.4315,0.4394,,,,,,,,,,,,,,,
 ,x拉司,,,,,,,,,,,,,,,,,,,,,
 ,注册（万）,,0.2,0.0089,0.0013,0.0027,0.0067,,,,,,,,,,,,,,,
 ,内部引流,,,,,,,,,,,,,,,,,,,,,
 ,注册（万）,,0.1,0.0087,0.0152,0.0052,0.0077,,,,,,,,,,,,,,,
 ,外部引流,,,,,,,,,,,,,,,,,,,,,
 ,注册（万）,,0.5,0,0,0,0,,,,,,,,,,,,,,,
 ,,,,,,,,,,,,,,,,,,,,,,
 ,,,,,,,,,,,,,,,,,,,,,,
 ,,,,,,,,,,,,,,,,,,,,,,
 ,,,,,,,,,,,,,,,,,,,,,,
 ,撮合数据,,9月目标,9月实际值（MTD）,目标完成进度,7M2W,9MW1,,,,,,,,,,,,,,,
 整体-撮合,9月运单量规模( 万单）,,177.50,10.58,5.96%,19.61,4.80,,,,,,,,,,,,,,,
 ,9月峰值运单量（万单）,,7.68,4.78,62.24%,3.4,,,,,,,,,,,,,,,,
 线上-撮合,线上增长贡献撮合运单规模,,15.09,1.66,10.99%,,0.68,,,,,,,,,,,,,,,
 线上举措-电销-撮合,  电销运单规模（万单）,,2.50,0.15,6.19%,0.28,0.07,,,,,,,,,,,,,,,
 线上举措-投流-撮合,  投放运单规模（万单）,,6.89,0.80,11.59%,0.64,0.33,,,,,,,,,,,,,,,
 线上举措-货主招募-撮合,  裂变运单规模（万单）,,1.80,0.00,0.19%,0.06,0.00,,,,,,,,,,,,,,,
 线上举措-调度-撮合,   调度运单规模（万单）,,3.90,0.68,17.39%,0.01,0.27,,,,,,,,,,,,,,,
 举措-线下-撮合,区域增长贡献撮合运单规模,,168.63,10.53,6.25%,,,,,,,,,,,,,,,,,
 ,,,,,,,,,,,,,,,,,,,,,,
 ,7月实际值,,7M4W,,,,,,,,,,,,,,,,,,,
 开放货源成交运单量,77036,,14436,,,,,,,,,,,,,,,,,,,
 开放货源量,8631,,2106,,,,,,,,,,,,,,,,,,,
 开放货源成交率,0.7311,,0.7474,,,,,,,,,,,,,,,,,,,
 收取信息费运单规模/占比,10439,,4296,191764.43,,,,,,,,,,,,,,,,,,
 单均信息费金额,18.37,,16.32,,,,,,,,,,,,,,,,,,,