月份,统计层级,维度,层级维度,整体运单,异常运单,正常运单,异常占比
2026-05-01,整体,整体,整体-整体,123.145100000,13.212400000,109.932700000,0.107291317
2026-05-01,整体,线上整体,整体-线上整体,7.538000000,0.640200000,6.897800000,0.084929689
2026-05-01,整体,线下整体,整体-线下整体,122.986100000,13.179900000,109.806200000,0.107165769
2026-05-01,线上举措,货主招募,线上举措-货主招募,0.038200000,0.011500000,0.026700000,0.301047120
2026-05-01,线上举措,投流,线上举措-投流,3.825950000,0.272800000,3.553150000,0.071302552
2026-05-01,线上举措,电销,线上举措-电销,2.085050000,0.145650000,1.939400000,0.069854439
2026-05-01,线上举措,调度,线上举措-调度,1.446800000,0.180150000,1.266650000,0.124516173
2026-05-01,线上举措,无线下销售归属,线上举措-无线下销售归属,0.142000000,0.030100000,0.111900000,0.211971830
2026-05-01,举措,线下整体,举措-线下整体,122.986100000,13.179900000,109.806200000,0.107165769
2026-05-01,举措,货主招募,举措-货主招募,0.038200000,0.011500000,0.026700000,0.301047120
2026-05-01,举措,投流,举措-投流,3.825950000,0.272800000,3.553150000,0.071302552
2026-05-01,举措,电销,举措-电销,2.085050000,0.145650000,1.939400000,0.069854439
2026-05-01,举措,调度,举措-调度,1.446800000,0.180150000,1.266650000,0.124516173
2026-05-01,举措,无线下销售归属,举措-无线下销售归属,0.142000000,0.030100000,0.111900000,0.211971830
2026-06-01,整体,整体,整体-整体,176.769300000,18.682100000,158.087200000,0.105686338
2026-06-01,整体,线上整体,整体-线上整体,12.247300000,1.068300000,11.179000000,0.087227388
2026-06-01,整体,线下整体,整体-线下整体,176.268000000,18.624100000,157.643900000,0.105657861
2026-06-01,线上举措,货主招募,线上举措-货主招募,0.037200000,0.022100000,0.015100000,0.594086021
2026-06-01,线上举措,投流,线上举措-投流,6.962850000,0.639800000,6.323050000,0.091887660
2026-06-01,线上举措,电销,线上举措-电销,2.278500000,0.078500000,2.200000000,0.034452490
2026-06-01,线上举措,调度,线上举措-调度,2.562350000,0.315000000,2.247350000,0.122934025
2026-06-01,线上举措,无线下销售归属,线上举措-无线下销售归属,0.406400000,0.012900000,0.393500000,0.031742125
2026-06-01,举措,线下整体,举措-线下整体,176.268000000,18.624100000,157.643900000,0.105657861
2026-06-01,举措,货主招募,举措-货主招募,0.037200000,0.022100000,0.015100000,0.594086021
2026-06-01,举措,投流,举措-投流,6.962850000,0.639800000,6.323050000,0.091887660
2026-06-01,举措,电销,举措-电销,2.278500000,0.078500000,2.200000000,0.034452490
2026-06-01,举措,调度,举措-调度,2.562350000,0.315000000,2.247350000,0.122934025
2026-06-01,举措,无线下销售归属,举措-无线下销售归属,0.406400000,0.012900000,0.393500000,0.031742125
2026-07-01,整体,整体,整体-整体,279.774900000,41.161500000,238.613400000,0.147123634
2026-07-01,整体,线上整体,整体-线上整体,25.675100000,3.592000000,22.083100000,0.139902084
2026-07-01,整体,线下整体,整体-线下整体,278.904700000,41.098900000,237.805800000,0.147358219
2026-07-01,线上举措,货主招募,线上举措-货主招募,0.292416666,0.015816666,0.276600000,0.054089482
2026-07-01,线上举措,投流,线上举措-投流,12.041116666,1.792416666,10.248700000,0.148858010
2026-07-01,线上举措,电销,线上举措-电销,5.972866666,0.305066666,5.667800000,0.051075418
2026-07-01,线上举措,调度,线上举措-调度,7.083700000,1.469800000,5.613900000,0.207490435
2026-07-01,线上举措,无线下销售归属,线上举措-无线下销售归属,0.285000000,0.008900000,0.276100000,0.031228070
2026-07-01,举措,线下整体,举措-线下整体,278.904700000,41.098900000,237.805800000,0.147358219
2026-07-01,举措,货主招募,举措-货主招募,0.292416666,0.015816666,0.276600000,0.054089482
2026-07-01,举措,投流,举措-投流,12.041116666,1.792416666,10.248700000,0.148858010
2026-07-01,举措,电销,举措-电销,5.972866666,0.305066666,5.667800000,0.051075418
2026-07-01,举措,调度,举措-调度,7.083700000,1.469800000,5.613900000,0.207490435
2026-07-01,举措,无线下销售归属,举措-无线下销售归属,0.285000000,0.008900000,0.276100000,0.031228070
2026-08-01,整体,整体,整体-整体,26.858800000,1.083000000,25.775800000,0.040321980
2026-08-01,整体,线上整体,整体-线上整体,3.590700000,0.263000000,3.327700000,0.073244771
2026-08-01,整体,线下整体,整体-线下整体,26.725700000,1.070400000,25.655300000,0.040051336
2026-08-01,线上举措,货主招募,线上举措-货主招募,0.069500000,0.000500000,0.069000000,0.007194244
2026-08-01,线上举措,投流,线上举措-投流,1.675000000,0.127900000,1.547100000,0.076358208
2026-08-01,线上举措,电销,线上举措-电销,0.971500000,0.028200000,0.943300000,0.029027277
2026-08-01,线上举措,调度,线上举措-调度,0.851000000,0.104500000,0.746500000,0.122796709
2026-08-01,线上举措,无线下销售归属,线上举措-无线下销售归属,0.023700000,0.001900000,0.021800000,0.080168776
2026-08-01,举措,线下整体,举措-线下整体,26.725700000,1.070400000,25.655300000,0.040051336
2026-08-01,举措,货主招募,举措-货主招募,0.069500000,0.000500000,0.069000000,0.007194244
2026-08-01,举措,投流,举措-投流,1.675000000,0.127900000,1.547100000,0.076358208
2026-08-01,举措,电销,举措-电销,0.971500000,0.028200000,0.943300000,0.029027277
2026-08-01,举措,调度,举措-调度,0.851000000,0.104500000,0.746500000,0.122796709
2026-08-01,举措,无线下销售归属,举措-无线下销售归属,0.023700000,0.001900000,0.021800000,0.080168776
